user_id,timestamp,action,resource,ip_address,location,data_volume_mb,status,hour_of_day,day_of_week,is_night_login,is_foreign_location,is_failed,actions_per_user,avg_data_volume_per_user,failed_attempts_per_user
USER010,2026-05-07 18:07:47,getobject,S3_bucket_prod,198.15.228.217,lucknow,33.24,success,18,3,0,0,0,50,25.7322,9
USER003,2026-06-05 17:43:20,describeinstances,Lambda_function_01,1.210.227.95,bangalore,14.26,success,17,4,0,0,0,50,109.945,6
USER010,2026-05-22 11:09:57,deleteobject,S3_bucket_prod,198.15.228.217,lucknow,22.46,success,11,4,0,0,0,50,25.7322,9
USER001,2026-03-26 17:56:56,loginattempt,IAM_role_admin,129.153.128.30,mumbai,19.44,failed,17,3,0,0,1,50,27.1782,6
USER001,2026-04-27 18:57:25,describeinstances,S3_bucket_prod,129.153.128.30,mumbai,32.22,success,18,0,0,0,0,50,27.1782,6
USER005,2026-04-27 15:32:00,putobject,IAM_role_admin,175.27.105.158,hyderabad,15.47,failed,15,0,0,0,1,50,25.0218,17
USER001,2026-05-28 07:18:30,loginattempt,Lambda_function_01,129.153.128.30,mumbai,6.42,failed,7,3,0,0,1,50,27.1782,6
USER009,2026-03-18 19:46:50,getobject,IAM_role_admin,82.37.78.133,jaipur,33.62,success,19,2,0,0,0,50,26.9058,4
USER007,2026-06-12 13:05:40,getobject,Lambda_function_01,93.153.152.126,kolkata,12.8,success,13,4,0,0,0,50,24.217,4
USER004,2026-05-30 17:00:54,loginattempt,Lambda_function_01,202.255.110.21,chennai,1.27,success,17,5,0,0,0,50,24.91,7
USER006,2026-03-18 20:48:57,describeinstances,EC2_instance_01,129.175.35.171,pune,3.8,success,20,2,0,0,0,50,23.5744,4
USER005,2026-06-10 19:50:41,describeinstances,RDS_database,175.27.105.158,hyderabad,10.89,failed,19,2,0,0,1,50,25.0218,17
USER010,2026-03-18 14:44:32,describeinstances,IAM_role_admin,198.15.228.217,lucknow,8.61,success,14,2,0,0,0,50,25.7322,9
USER003,2026-03-19 09:05:42,terminateinstance,IAM_role_admin,1.210.227.95,bangalore,3.67,success,9,3,0,0,0,50,109.945,6
USER008,2026-05-09 02:53:27,getobject,IAM_role_admin,202.102.195.236,ahmedabad,5.49,success,2,5,1,0,0,50,25.7948,3
USER003,2026-04-17 20:32:47,listbuckets,Lambda_function_01,1.210.227.95,bangalore,8.11,failed,20,4,0,0,1,50,109.945,6
USER006,2026-05-05 12:34:32,listbuckets,IAM_role_admin,129.175.35.171,pune,47.09,success,12,1,0,0,0,50,23.5744,4
USER008,2026-04-25 14:54:28,getobject,Lambda_function_01,202.102.195.236,ahmedabad,14.63,success,14,5,0,0,0,50,25.7948,3
USER004,2026-03-27 17:36:24,putobject,IAM_role_admin,202.255.110.21,chennai,21.03,success,17,4,0,0,0,50,24.91,7
USER007,2026-06-08 12:36:19,getobject,EC2_instance_01,93.153.152.126,kolkata,24.23,success,12,0,0,0,0,50,24.217,4
USER002,2026-04-21 11:33:35,listbuckets,IAM_role_admin,111.147.72.102,delhi,32.97,success,11,1,0,0,0,50,25.378,3
USER005,2026-04-06 18:11:25,listbuckets,RDS_database,175.27.105.158,hyderabad,26.12,failed,18,0,0,0,1,50,25.0218,17
USER010,2026-04-16 08:55:51,listbuckets,RDS_database,198.15.228.217,lucknow,40.19,success,8,3,0,0,0,50,25.7322,9
USER002,2026-04-30 18:02:06,getobject,Lambda_function_01,111.147.72.102,delhi,3.72,success,18,3,0,0,0,50,25.378,3
USER007,2026-05-29 12:20:29,putobject,S3_bucket_prod,93.153.152.126,kolkata,37.39,success,12,4,0,0,0,50,24.217,4
USER002,2026-04-23 18:24:22,getobject,EC2_instance_01,111.147.72.102,delhi,6.86,success,18,3,0,0,0,50,25.378,3
USER008,2026-05-08 08:59:26,putobject,IAM_role_admin,202.102.195.236,ahmedabad,34.7,success,8,4,0,0,0,50,25.7948,3
USER009,2026-05-21 12:20:00,getobject,IAM_role_admin,82.37.78.133,jaipur,9.02,success,12,3,0,0,0,50,26.9058,4
USER004,2026-05-01 19:59:57,describeinstances,RDS_database,202.255.110.21,chennai,49.53,success,19,4,0,0,0,50,24.91,7
USER005,2026-04-29 13:19:04,loginattempt,S3_bucket_prod,175.27.105.158,hyderabad,24.0,failed,13,2,0,0,1,50,25.0218,17
USER005,2026-04-23 10:54:56,getobject,S3_bucket_prod,175.27.105.158,hyderabad,15.31,failed,10,3,0,0,1,50,25.0218,17
USER001,2026-06-12 15:00:05,getobject,Lambda_function_01,129.153.128.30,mumbai,32.24,success,15,4,0,0,0,50,27.1782,6
USER005,2026-05-29 18:45:36,putobject,S3_bucket_prod,175.27.105.158,hyderabad,27.44,failed,18,4,0,0,1,50,25.0218,17
USER008,2026-06-06 18:31:46,describeinstances,EC2_instance_01,202.102.195.236,ahmedabad,45.57,success,18,5,0,0,0,50,25.7948,3
USER004,2026-04-29 12:20:34,listbuckets,RDS_database,202.255.110.21,chennai,6.14,success,12,2,0,0,0,50,24.91,7
USER010,2026-06-12 19:23:10,putobject,EC2_instance_01,198.15.228.217,lucknow,2.22,failed,19,4,0,0,1,50,25.7322,9
USER002,2026-04-01 12:18:08,getobject,RDS_database,111.147.72.102,delhi,14.62,success,12,2,0,0,0,50,25.378,3
USER005,2026-05-01 15:48:37,putobject,Lambda_function_01,175.27.105.158,hyderabad,45.26,failed,15,4,0,0,1,50,25.0218,17
USER002,2026-05-22 15:46:27,getobject,Lambda_function_01,111.147.72.102,delhi,36.89,success,15,4,0,0,0,50,25.378,3
USER009,2026-05-12 14:25:58,terminateinstance,S3_bucket_prod,82.37.78.133,jaipur,36.95,success,14,1,0,0,0,50,26.9058,4
USER010,2026-04-09 07:07:17,loginattempt,S3_bucket_prod,198.15.228.217,lucknow,25.0,failed,7,3,0,0,1,50,25.7322,9
USER008,2026-05-31 13:14:24,loginattempt,IAM_role_admin,202.102.195.236,ahmedabad,28.22,success,13,6,0,0,0,50,25.7948,3
USER006,2026-03-22 13:49:14,putobject,S3_bucket_prod,129.175.35.171,pune,3.39,success,13,6,0,0,0,50,23.5744,4
USER004,2026-06-06 16:39:46,describeinstances,IAM_role_admin,202.255.110.21,chennai,40.24,success,16,5,0,0,0,50,24.91,7
USER001,2026-05-20 08:37:14,getobject,Lambda_function_01,129.153.128.30,mumbai,26.22,success,8,2,0,0,0,50,27.1782,6
USER010,2026-05-01 07:41:53,loginattempt,EC2_instance_01,198.15.228.217,lucknow,42.79,success,7,4,0,0,0,50,25.7322,9
USER008,2026-04-05 19:17:42,putobject,RDS_database,202.102.195.236,ahmedabad,14.47,success,19,6,0,0,0,50,25.7948,3
USER010,2026-05-31 01:40:20,loginattempt,RDS_database,198.15.228.217,lucknow,49.94,success,1,6,1,0,0,50,25.7322,9
USER008,2026-05-26 14:08:07,terminateinstance,RDS_database,202.102.195.236,ahmedabad,35.34,success,14,1,0,0,0,50,25.7948,3
USER004,2026-03-20 12:13:29,getobject,S3_bucket_prod,202.255.110.21,chennai,4.29,success,12,4,0,0,0,50,24.91,7
USER010,2026-04-16 03:27:57,putobject,IAM_role_admin,198.15.228.217,lucknow,21.6,failed,3,3,1,0,1,50,25.7322,9
USER010,2026-06-09 17:58:17,describeinstances,EC2_instance_01,198.15.228.217,lucknow,16.94,failed,17,1,0,0,1,50,25.7322,9
USER004,2026-04-05 20:44:12,loginattempt,RDS_database,202.255.110.21,chennai,15.67,success,20,6,0,0,0,50,24.91,7
USER004,2026-04-10 11:20:52,getobject,S3_bucket_prod,202.255.110.21,chennai,39.81,success,11,4,0,0,0,50,24.91,7
USER010,2026-05-04 19:28:56,loginattempt,Lambda_function_01,198.15.228.217,lucknow,40.92,failed,19,0,0,0,1,50,25.7322,9
USER006,2026-04-08 18:10:33,getobject,RDS_database,129.175.35.171,pune,47.81,success,18,2,0,0,0,50,23.5744,4
USER003,2026-05-12 08:02:56,getobject,Lambda_function_01,1.210.227.95,bangalore,3.01,success,8,1,0,0,0,50,109.945,6
USER001,2026-05-05 07:15:30,putobject,S3_bucket_prod,129.153.128.30,mumbai,6.47,success,7,1,0,0,0,50,27.1782,6
USER004,2026-03-19 22:41:26,putobject,EC2_instance_01,202.255.110.21,chennai,20.31,success,22,3,1,0,0,50,24.91,7
USER003,2026-03-28 00:24:51,getobject,S3_bucket_prod,1.210.227.95,bangalore,24.99,success,0,5,1,0,0,50,109.945,6
USER004,2026-04-29 14:46:28,getobject,Lambda_function_01,202.255.110.21,chennai,16.8,success,14,2,0,0,0,50,24.91,7
USER003,2026-06-05 13:20:13,putobject,EC2_instance_01,1.210.227.95,bangalore,3.38,success,13,4,0,0,0,50,109.945,6
USER006,2026-06-06 09:09:36,getobject,S3_bucket_prod,129.175.35.171,pune,46.02,success,9,5,0,0,0,50,23.5744,4
USER002,2026-06-06 01:09:06,listbuckets,RDS_database,111.147.72.102,delhi,28.89,success,1,5,1,0,0,50,25.378,3
USER007,2026-04-05 04:50:29,describeinstances,S3_bucket_prod,93.153.152.126,kolkata,31.34,success,4,6,1,0,0,50,24.217,4
USER003,2026-06-03 17:17:15,deleteobject,RDS_database,1.210.227.95,bangalore,30.57,failed,17,2,0,0,1,50,109.945,6
USER003,2026-04-24 17:48:08,loginattempt,EC2_instance_01,1.210.227.95,bangalore,30.44,success,17,4,0,0,0,50,109.945,6
USER006,2026-04-30 12:49:04,getobject,IAM_role_admin,129.175.35.171,pune,1.93,success,12,3,0,0,0,50,23.5744,4
USER010,2026-04-15 18:42:18,putobject,IAM_role_admin,198.15.228.217,lucknow,44.61,success,18,2,0,0,0,50,25.7322,9
USER010,2026-04-05 01:40:41,getobject,IAM_role_admin,198.15.228.217,lucknow,49.6,success,1,6,1,0,0,50,25.7322,9
USER004,2026-04-29 05:59:34,getobject,RDS_database,202.255.110.21,chennai,44.97,success,5,2,1,0,0,50,24.91,7
USER003,2026-04-21 14:10:16,getobject,RDS_database,1.210.227.95,bangalore,15.44,success,14,1,0,0,0,50,109.945,6
USER007,2026-05-07 02:50:11,listbuckets,S3_bucket_prod,93.153.152.126,kolkata,12.33,success,2,3,1,0,0,50,24.217,4
USER009,2026-05-29 10:11:33,putobject,IAM_role_admin,82.37.78.133,jaipur,36.56,success,10,4,0,0,0,50,26.9058,4
USER007,2026-05-14 06:45:43,putobject,Lambda_function_01,93.153.152.126,kolkata,26.21,success,6,3,0,0,0,50,24.217,4
USER003,2026-03-18 18:25:24,getobject,IAM_role_admin,1.210.227.95,bangalore,20.36,success,18,2,0,0,0,50,109.945,6
USER009,2026-06-03 03:57:15,getobject,S3_bucket_prod,82.37.78.133,jaipur,43.09,failed,3,2,1,0,1,50,26.9058,4
USER002,2026-04-05 09:52:44,describeinstances,IAM_role_admin,111.147.72.102,delhi,26.33,success,9,6,0,0,0,50,25.378,3
USER009,2026-04-18 14:46:56,getobject,RDS_database,82.37.78.133,jaipur,45.29,success,14,5,0,0,0,50,26.9058,4
USER004,2026-05-31 21:00:12,loginattempt,RDS_database,202.255.110.21,chennai,48.98,success,21,6,0,0,0,50,24.91,7
USER006,2026-03-17 20:53:37,putobject,EC2_instance_01,129.175.35.171,pune,30.83,success,20,1,0,0,0,50,23.5744,4
USER009,2026-04-18 12:34:56,putobject,S3_bucket_prod,82.37.78.133,jaipur,19.48,success,12,5,0,0,0,50,26.9058,4
USER006,2026-04-01 03:09:18,putobject,IAM_role_admin,129.175.35.171,pune,47.79,success,3,2,1,0,0,50,23.5744,4
USER007,2026-04-01 02:28:45,describeinstances,EC2_instance_01,93.153.152.126,kolkata,10.9,success,2,2,1,0,0,50,24.217,4
USER010,2026-04-09 07:28:27,getobject,EC2_instance_01,198.15.228.217,lucknow,24.59,failed,7,3,0,0,1,50,25.7322,9
USER003,2026-04-06 16:53:06,getobject,S3_bucket_prod,1.210.227.95,bangalore,38.48,success,16,0,0,0,0,50,109.945,6
USER007,2026-04-10 16:54:06,terminateinstance,Lambda_function_01,93.153.152.126,kolkata,47.7,success,16,4,0,0,0,50,24.217,4
USER005,2026-04-20 08:13:33,getobject,Lambda_function_01,175.27.105.158,hyderabad,31.22,failed,8,0,0,0,1,50,25.0218,17
USER002,2026-05-30 08:15:27,describeinstances,S3_bucket_prod,111.147.72.102,delhi,29.63,success,8,5,0,0,0,50,25.378,3
USER004,2026-05-20 11:50:24,loginattempt,S3_bucket_prod,202.255.110.21,chennai,11.13,failed,11,2,0,0,1,50,24.91,7
USER008,2026-05-23 02:53:43,getobject,S3_bucket_prod,202.102.195.236,ahmedabad,42.48,success,2,5,1,0,0,50,25.7948,3
USER008,2026-05-12 12:11:14,loginattempt,S3_bucket_prod,202.102.195.236,ahmedabad,43.85,success,12,1,0,0,0,50,25.7948,3
USER001,2026-05-30 17:14:19,getobject,EC2_instance_01,129.153.128.30,mumbai,47.06,success,17,5,0,0,0,50,27.1782,6
USER002,2026-03-15 17:16:29,listbuckets,EC2_instance_01,111.147.72.102,delhi,22.29,success,17,6,0,0,0,50,25.378,3
USER003,2026-05-02 01:57:05,createinstance,RDS_database,1.210.227.95,bangalore,9.02,success,1,5,1,0,0,50,109.945,6
USER004,2026-06-09 09:52:01,getobject,S3_bucket_prod,202.255.110.21,chennai,16.76,success,9,1,0,0,0,50,24.91,7
USER002,2026-06-05 20:24:31,getobject,RDS_database,111.147.72.102,delhi,49.44,success,20,4,0,0,0,50,25.378,3
USER002,2026-05-27 17:50:09,deleteobject,IAM_role_admin,111.147.72.102,delhi,3.46,success,17,2,0,0,0,50,25.378,3
USER004,2026-04-14 16:37:03,loginattempt,IAM_role_admin,202.255.110.21,chennai,11.39,failed,16,1,0,0,1,50,24.91,7
USER005,2026-05-01 13:45:00,terminateinstance,EC2_instance_01,175.27.105.158,hyderabad,4.04,failed,13,4,0,0,1,50,25.0218,17
USER010,2026-04-09 04:09:47,putobject,IAM_role_admin,198.15.228.217,lucknow,46.17,success,4,3,1,0,0,50,25.7322,9
USER005,2026-04-21 17:18:39,listbuckets,S3_bucket_prod,175.27.105.158,hyderabad,47.55,failed,17,1,0,0,1,50,25.0218,17
USER001,2026-04-26 08:40:59,getobject,Lambda_function_01,129.153.128.30,mumbai,23.03,success,8,6,0,0,0,50,27.1782,6
USER008,2026-05-21 17:27:31,loginattempt,S3_bucket_prod,202.102.195.236,ahmedabad,47.43,success,17,3,0,0,0,50,25.7948,3
USER001,2026-04-11 12:24:53,loginattempt,RDS_database,129.153.128.30,mumbai,25.94,failed,12,5,0,0,1,50,27.1782,6
USER007,2026-04-13 04:11:38,putobject,IAM_role_admin,93.153.152.126,kolkata,22.56,success,4,0,1,0,0,50,24.217,4
USER010,2026-04-20 03:40:07,loginattempt,IAM_role_admin,198.15.228.217,lucknow,1.97,success,3,0,1,0,0,50,25.7322,9
USER007,2026-05-26 04:09:46,describeinstances,IAM_role_admin,93.153.152.126,kolkata,33.72,success,4,1,1,0,0,50,24.217,4
USER004,2026-04-06 17:08:16,loginattempt,EC2_instance_01,202.255.110.21,chennai,45.61,success,17,0,0,0,0,50,24.91,7
USER002,2026-06-09 14:46:57,listbuckets,IAM_role_admin,111.147.72.102,delhi,31.65,success,14,1,0,0,0,50,25.378,3
USER002,2026-04-06 14:23:26,getobject,IAM_role_admin,111.147.72.102,delhi,20.6,success,14,0,0,0,0,50,25.378,3
USER004,2026-06-09 15:10:56,describeinstances,EC2_instance_01,202.255.110.21,chennai,27.68,success,15,1,0,0,0,50,24.91,7
USER008,2026-04-12 18:20:48,deleteobject,EC2_instance_01,202.102.195.236,ahmedabad,46.27,success,18,6,0,0,0,50,25.7948,3
USER007,2026-06-07 20:01:44,loginattempt,EC2_instance_01,93.153.152.126,kolkata,24.55,success,20,6,0,0,0,50,24.217,4
USER009,2026-05-22 15:38:38,getobject,EC2_instance_01,82.37.78.133,jaipur,29.71,success,15,4,0,0,0,50,26.9058,4
USER010,2026-04-09 10:17:51,getobject,EC2_instance_01,198.15.228.217,lucknow,17.47,success,10,3,0,0,0,50,25.7322,9
USER008,2026-03-15 10:08:41,getobject,IAM_role_admin,202.102.195.236,ahmedabad,20.11,failed,10,6,0,0,1,50,25.7948,3
USER003,2026-04-09 09:01:25,listbuckets,Lambda_function_01,1.210.227.95,bangalore,49.06,success,9,3,0,0,0,50,109.945,6
USER008,2026-06-06 05:47:14,describeinstances,EC2_instance_01,202.102.195.236,ahmedabad,33.51,success,5,5,1,0,0,50,25.7948,3
USER006,2026-05-17 18:09:25,listbuckets,EC2_instance_01,129.175.35.171,pune,34.62,success,18,6,0,0,0,50,23.5744,4
USER008,2026-04-29 07:59:01,getobject,RDS_database,202.102.195.236,ahmedabad,36.66,failed,7,2,0,0,1,50,25.7948,3
USER004,2026-04-12 11:10:25,getobject,EC2_instance_01,202.255.110.21,chennai,18.31,success,11,6,0,0,0,50,24.91,7
USER005,2026-05-14 19:49:56,putobject,RDS_database,175.27.105.158,hyderabad,37.69,failed,19,3,0,0,1,50,25.0218,17
USER010,2026-03-30 13:16:08,describeinstances,Lambda_function_01,198.15.228.217,lucknow,8.52,success,13,0,0,0,0,50,25.7322,9
USER002,2026-03-23 05:03:13,putobject,S3_bucket_prod,111.147.72.102,delhi,38.96,success,5,0,1,0,0,50,25.378,3
USER009,2026-04-14 16:20:10,getobject,S3_bucket_prod,82.37.78.133,jaipur,41.33,success,16,1,0,0,0,50,26.9058,4
USER006,2026-05-31 07:05:25,loginattempt,EC2_instance_01,129.175.35.171,pune,13.62,success,7,6,0,0,0,50,23.5744,4
USER008,2026-04-02 14:42:27,putobject,RDS_database,202.102.195.236,ahmedabad,11.21,success,14,3,0,0,0,50,25.7948,3
USER009,2026-04-03 21:05:20,getobject,S3_bucket_prod,82.37.78.133,jaipur,41.33,success,21,4,0,0,0,50,26.9058,4
USER010,2026-05-16 23:59:39,putobject,Lambda_function_01,198.15.228.217,lucknow,43.88,failed,23,5,1,0,1,50,25.7322,9
USER006,2026-04-19 13:11:37,loginattempt,EC2_instance_01,129.175.35.171,pune,15.17,success,13,6,0,0,0,50,23.5744,4
USER006,2026-03-15 14:23:49,loginattempt,RDS_database,129.175.35.171,pune,3.42,success,14,6,0,0,0,50,23.5744,4
USER006,2026-03-17 15:15:17,loginattempt,RDS_database,129.175.35.171,pune,41.5,success,15,1,0,0,0,50,23.5744,4
USER006,2026-03-29 12:07:31,putobject,RDS_database,129.175.35.171,pune,34.16,success,12,6,0,0,0,50,23.5744,4
USER008,2026-05-04 00:12:35,listbuckets,Lambda_function_01,202.102.195.236,ahmedabad,9.43,success,0,0,1,0,0,50,25.7948,3
USER007,2026-03-23 10:49:28,deleteobject,RDS_database,93.153.152.126,kolkata,11.54,success,10,0,0,0,0,50,24.217,4
USER008,2026-03-20 11:40:01,getobject,EC2_instance_01,202.102.195.236,ahmedabad,11.14,success,11,4,0,0,0,50,25.7948,3
USER006,2026-04-30 01:39:51,putobject,EC2_instance_01,129.175.35.171,pune,3.71,success,1,3,1,0,0,50,23.5744,4
USER006,2026-04-16 20:36:25,describeinstances,EC2_instance_01,129.175.35.171,pune,46.55,success,20,3,0,0,0,50,23.5744,4
USER003,2026-05-21 01:27:37,getobject,S3_bucket_prod,1.210.227.95,bangalore,1387.02,success,1,3,1,0,0,50,109.945,6
USER005,2026-05-30 09:59:26,putobject,S3_bucket_prod,175.27.105.158,hyderabad,16.87,failed,9,5,0,0,1,50,25.0218,17
USER004,2026-03-22 15:55:10,createinstance,EC2_instance_01,202.255.110.21,chennai,25.19,failed,15,6,0,0,1,50,24.91,7
USER010,2026-04-28 18:23:47,getobject,RDS_database,198.15.228.217,lucknow,16.73,success,18,1,0,0,0,50,25.7322,9
USER005,2026-06-11 08:01:35,putobject,IAM_role_admin,175.27.105.158,hyderabad,22.14,success,8,3,0,0,0,50,25.0218,17
USER010,2026-04-20 18:55:43,putobject,EC2_instance_01,198.15.228.217,lucknow,23.1,success,18,0,0,0,0,50,25.7322,9
USER002,2026-04-18 13:21:33,putobject,Lambda_function_01,111.147.72.102,delhi,19.55,success,13,5,0,0,0,50,25.378,3
USER009,2026-04-15 14:43:58,getobject,EC2_instance_01,82.37.78.133,jaipur,28.57,success,14,2,0,0,0,50,26.9058,4
USER004,2026-05-01 10:58:55,listbuckets,S3_bucket_prod,202.255.110.21,chennai,3.58,failed,10,4,0,0,1,50,24.91,7
USER007,2026-05-14 04:23:06,listbuckets,Lambda_function_01,93.153.152.126,kolkata,1.23,success,4,3,1,0,0,50,24.217,4
USER005,2026-06-07 16:04:01,loginattempt,S3_bucket_prod,175.27.105.158,hyderabad,25.32,success,16,6,0,0,0,50,25.0218,17
USER004,2026-05-30 05:47:56,describeinstances,EC2_instance_01,202.255.110.21,chennai,19.28,success,5,5,1,0,0,50,24.91,7
USER004,2026-03-20 10:26:46,putobject,EC2_instance_01,202.255.110.21,chennai,48.31,failed,10,4,0,0,1,50,24.91,7
USER008,2026-05-02 18:11:55,describeinstances,RDS_database,202.102.195.236,ahmedabad,19.35,success,18,5,0,0,0,50,25.7948,3
USER008,2026-04-19 18:14:33,terminateinstance,IAM_role_admin,202.102.195.236,ahmedabad,21.82,success,18,6,0,0,0,50,25.7948,3
USER001,2026-05-08 08:07:52,describeinstances,IAM_role_admin,129.153.128.30,mumbai,14.94,success,8,4,0,0,0,50,27.1782,6
USER010,2026-05-19 22:56:31,putobject,RDS_database,198.15.228.217,lucknow,9.01,success,22,1,1,0,0,50,25.7322,9
USER003,2026-05-16 18:37:08,putobject,S3_bucket_prod,1.210.227.95,bangalore,26.59,success,18,5,0,0,0,50,109.945,6
USER005,2026-04-24 08:29:20,getobject,RDS_database,175.27.105.158,hyderabad,20.84,success,8,4,0,0,0,50,25.0218,17
USER006,2026-06-08 10:04:34,describeinstances,IAM_role_admin,129.175.35.171,pune,32.08,success,10,0,0,0,0,50,23.5744,4
USER006,2026-03-27 04:12:32,terminateinstance,RDS_database,129.175.35.171,pune,2.98,success,4,4,1,0,0,50,23.5744,4
USER006,2026-06-09 14:54:23,deleteobject,S3_bucket_prod,129.175.35.171,pune,42.04,success,14,1,0,0,0,50,23.5744,4
USER002,2026-04-09 07:56:09,listbuckets,S3_bucket_prod,111.147.72.102,delhi,28.8,success,7,3,0,0,0,50,25.378,3
USER002,2026-06-05 20:03:10,putobject,Lambda_function_01,111.147.72.102,delhi,10.28,success,20,4,0,0,0,50,25.378,3
USER004,2026-04-01 23:40:52,loginattempt,RDS_database,202.255.110.21,chennai,48.82,success,23,2,1,0,0,50,24.91,7
USER007,2026-05-28 04:56:37,loginattempt,S3_bucket_prod,93.153.152.126,kolkata,27.74,success,4,3,1,0,0,50,24.217,4
USER008,2026-06-09 19:26:42,putobject,RDS_database,202.102.195.236,ahmedabad,19.93,success,19,1,0,0,0,50,25.7948,3
USER008,2026-04-25 08:05:43,loginattempt,S3_bucket_prod,202.102.195.236,ahmedabad,22.86,failed,8,5,0,0,1,50,25.7948,3
USER006,2026-05-29 06:18:09,getobject,EC2_instance_01,129.175.35.171,pune,11.72,success,6,4,0,0,0,50,23.5744,4
USER009,2026-06-10 19:58:02,getobject,EC2_instance_01,82.37.78.133,jaipur,8.53,success,19,2,0,0,0,50,26.9058,4
USER003,2026-03-28 09:21:54,listbuckets,IAM_role_admin,1.210.227.95,bangalore,10.89,success,9,5,0,0,0,50,109.945,6
USER008,2026-05-10 16:51:37,putobject,Lambda_function_01,202.102.195.236,ahmedabad,5.44,success,16,6,0,0,0,50,25.7948,3
USER003,2026-04-20 13:50:22,loginattempt,S3_bucket_prod,1.210.227.95,bangalore,9.96,success,13,0,0,0,0,50,109.945,6
USER008,2026-05-02 09:40:09,getobject,RDS_database,202.102.195.236,ahmedabad,36.37,success,9,5,0,0,0,50,25.7948,3
USER009,2026-05-18 20:49:06,putobject,RDS_database,82.37.78.133,jaipur,25.9,success,20,0,0,0,0,50,26.9058,4
USER009,2026-04-30 08:29:30,putobject,RDS_database,185.220.4.123,russia,4.27,success,8,3,0,1,0,50,26.9058,4
USER005,2026-04-05 10:36:03,terminateinstance,S3_bucket_prod,175.27.105.158,hyderabad,44.94,success,10,6,0,0,0,50,25.0218,17
USER006,2026-04-26 22:49:43,loginattempt,IAM_role_admin,129.175.35.171,pune,21.98,success,22,6,1,0,0,50,23.5744,4
USER007,2026-04-01 18:46:37,putobject,RDS_database,93.153.152.126,kolkata,33.92,failed,18,2,0,0,1,50,24.217,4
USER005,2026-05-13 15:25:37,listbuckets,Lambda_function_01,175.27.105.158,hyderabad,37.09,success,15,2,0,0,0,50,25.0218,17
USER009,2026-05-01 10:20:07,getobject,EC2_instance_01,82.37.78.133,jaipur,37.62,success,10,4,0,0,0,50,26.9058,4
USER001,2026-05-10 14:06:05,getobject,Lambda_function_01,129.153.128.30,mumbai,10.69,success,14,6,0,0,0,50,27.1782,6
USER006,2026-04-13 14:43:45,loginattempt,Lambda_function_01,129.175.35.171,pune,18.53,success,14,0,0,0,0,50,23.5744,4
USER008,2026-03-30 03:16:14,getobject,EC2_instance_01,202.102.195.236,ahmedabad,27.96,success,3,0,1,0,0,50,25.7948,3
USER009,2026-03-28 07:14:46,loginattempt,S3_bucket_prod,82.37.78.133,jaipur,22.96,success,7,5,0,0,0,50,26.9058,4
USER010,2026-05-27 11:21:10,putobject,S3_bucket_prod,198.15.228.217,lucknow,20.21,success,11,2,0,0,0,50,25.7322,9
USER007,2026-06-04 16:10:18,getobject,EC2_instance_01,93.153.152.126,kolkata,22.5,success,16,3,0,0,0,50,24.217,4
USER008,2026-03-26 19:14:32,deleteobject,IAM_role_admin,202.102.195.236,ahmedabad,25.4,success,19,3,0,0,0,50,25.7948,3
USER002,2026-03-17 19:28:36,describeinstances,Lambda_function_01,111.147.72.102,delhi,39.78,success,19,1,0,0,0,50,25.378,3
USER006,2026-06-04 21:00:34,putobject,RDS_database,129.175.35.171,pune,20.96,success,21,3,0,0,0,50,23.5744,4
USER002,2026-05-22 14:59:06,getobject,S3_bucket_prod,111.147.72.102,delhi,42.54,failed,14,4,0,0,1,50,25.378,3
USER009,2026-05-25 08:53:09,putobject,EC2_instance_01,82.37.78.133,jaipur,14.14,success,8,0,0,0,0,50,26.9058,4
USER001,2026-05-10 20:59:33,getobject,EC2_instance_01,129.153.128.30,mumbai,10.56,success,20,6,0,0,0,50,27.1782,6
USER004,2026-03-30 17:24:03,loginattempt,Lambda_function_01,202.255.110.21,chennai,10.4,success,17,0,0,0,0,50,24.91,7
USER005,2026-04-04 18:55:54,getobject,EC2_instance_01,175.27.105.158,hyderabad,40.91,success,18,5,0,0,0,50,25.0218,17
USER005,2026-05-14 11:57:33,putobject,EC2_instance_01,175.27.105.158,hyderabad,22.19,success,11,3,0,0,0,50,25.0218,17
USER005,2026-05-23 17:34:22,describeinstances,Lambda_function_01,175.27.105.158,hyderabad,1.21,success,17,5,0,0,0,50,25.0218,17
USER001,2026-04-03 19:02:12,listbuckets,EC2_instance_01,129.153.128.30,mumbai,40.69,success,19,4,0,0,0,50,27.1782,6
USER002,2026-03-27 12:09:22,getobject,S3_bucket_prod,111.147.72.102,delhi,21.09,success,12,4,0,0,0,50,25.378,3
USER009,2026-04-01 14:38:44,terminateinstance,IAM_role_admin,1.180.254.36,china,21.18,success,14,2,0,1,0,50,26.9058,4
USER002,2026-04-05 19:59:43,loginattempt,Lambda_function_01,111.147.72.102,delhi,23.94,success,19,6,0,0,0,50,25.378,3
USER007,2026-03-23 04:11:24,getobject,RDS_database,93.153.152.126,kolkata,40.01,failed,4,0,1,0,1,50,24.217,4
USER001,2026-05-02 18:36:16,getobject,EC2_instance_01,129.153.128.30,mumbai,47.25,success,18,5,0,0,0,50,27.1782,6
USER007,2026-03-27 03:13:24,putobject,Lambda_function_01,93.153.152.126,kolkata,2.72,success,3,4,1,0,0,50,24.217,4
USER010,2026-05-24 15:09:12,deleteobject,IAM_role_admin,198.15.228.217,lucknow,42.57,success,15,6,0,0,0,50,25.7322,9
USER009,2026-05-30 22:52:32,listbuckets,EC2_instance_01,82.37.78.133,jaipur,38.24,success,22,5,1,0,0,50,26.9058,4
USER009,2026-03-25 17:06:43,putobject,S3_bucket_prod,82.37.78.133,jaipur,26.85,success,17,2,0,0,0,50,26.9058,4
USER006,2026-06-01 09:44:37,getobject,EC2_instance_01,129.175.35.171,pune,12.68,success,9,0,0,0,0,50,23.5744,4
USER005,2026-05-14 14:51:23,loginattempt,Lambda_function_01,175.27.105.158,hyderabad,13.09,success,14,3,0,0,0,50,25.0218,17
USER005,2026-06-05 10:31:47,loginattempt,S3_bucket_prod,175.27.105.158,hyderabad,48.07,success,10,4,0,0,0,50,25.0218,17
USER003,2026-05-27 19:23:21,listbuckets,IAM_role_admin,1.210.227.95,bangalore,49.34,success,19,2,0,0,0,50,109.945,6
USER006,2026-04-26 15:52:05,loginattempt,EC2_instance_01,129.175.35.171,pune,19.76,failed,15,6,0,0,1,50,23.5744,4
USER003,2026-04-27 19:14:46,putobject,EC2_instance_01,1.210.227.95,bangalore,33.27,success,19,0,0,0,0,50,109.945,6
USER007,2026-05-08 19:01:27,loginattempt,EC2_instance_01,93.153.152.126,kolkata,28.61,success,19,4,0,0,0,50,24.217,4
USER001,2026-04-26 07:49:51,getobject,Lambda_function_01,129.153.128.30,mumbai,47.31,success,7,6,0,0,0,50,27.1782,6
USER007,2026-04-19 02:44:32,describeinstances,EC2_instance_01,93.153.152.126,kolkata,37.56,success,2,6,1,0,0,50,24.217,4
USER005,2026-04-10 10:24:46,getobject,IAM_role_admin,175.27.105.158,hyderabad,2.33,failed,10,4,0,0,1,50,25.0218,17
USER003,2026-04-04 08:38:22,listbuckets,IAM_role_admin,1.210.227.95,bangalore,24.33,success,8,5,0,0,0,50,109.945,6
USER005,2026-03-20 15:01:53,describeinstances,S3_bucket_prod,175.27.105.158,hyderabad,29.35,success,15,4,0,0,0,50,25.0218,17
USER003,2026-04-15 09:54:40,putobject,Lambda_function_01,1.210.227.95,bangalore,9.29,success,9,2,0,0,0,50,109.945,6
USER005,2026-03-26 00:22:04,terminateinstance,S3_bucket_prod,175.27.105.158,hyderabad,7.49,success,0,3,1,0,0,50,25.0218,17
USER005,2026-03-21 08:46:02,describeinstances,IAM_role_admin,175.27.105.158,hyderabad,32.28,success,8,5,0,0,0,50,25.0218,17
USER001,2026-06-07 16:42:20,putobject,S3_bucket_prod,129.153.128.30,mumbai,40.03,success,16,6,0,0,0,50,27.1782,6
USER008,2026-03-30 17:14:47,putobject,Lambda_function_01,202.102.195.236,ahmedabad,34.62,success,17,0,0,0,0,50,25.7948,3
USER002,2026-06-02 08:12:18,getobject,RDS_database,111.147.72.102,delhi,45.58,success,8,1,0,0,0,50,25.378,3
USER009,2026-05-16 10:17:20,listbuckets,RDS_database,82.37.78.133,jaipur,30.91,success,10,5,0,0,0,50,26.9058,4
USER010,2026-06-06 08:37:40,loginattempt,IAM_role_admin,198.15.228.217,lucknow,22.9,success,8,5,0,0,0,50,25.7322,9
USER008,2026-03-21 23:13:19,loginattempt,RDS_database,202.102.195.236,ahmedabad,12.62,success,23,5,1,0,0,50,25.7948,3
USER009,2026-04-25 14:57:28,putobject,S3_bucket_prod,82.37.78.133,jaipur,46.47,success,14,5,0,0,0,50,26.9058,4
USER008,2026-05-09 15:36:59,getobject,IAM_role_admin,202.102.195.236,ahmedabad,26.27,success,15,5,0,0,0,50,25.7948,3
USER007,2026-04-30 19:20:29,putobject,Lambda_function_01,93.153.152.126,kolkata,23.08,success,19,3,0,0,0,50,24.217,4
USER004,2026-06-09 09:05:35,putobject,S3_bucket_prod,202.255.110.21,chennai,38.69,success,9,1,0,0,0,50,24.91,7
USER008,2026-05-17 07:58:09,deleteobject,Lambda_function_01,202.102.195.236,ahmedabad,31.71,success,7,6,0,0,0,50,25.7948,3
USER005,2026-03-30 11:24:17,getobject,IAM_role_admin,175.27.105.158,hyderabad,45.38,success,11,0,0,0,0,50,25.0218,17
USER006,2026-03-29 17:21:59,getobject,IAM_role_admin,129.175.35.171,pune,13.27,success,17,6,0,0,0,50,23.5744,4
USER007,2026-04-09 13:34:45,terminateinstance,Lambda_function_01,93.153.152.126,kolkata,26.81,success,13,3,0,0,0,50,24.217,4
USER003,2026-05-18 19:19:12,listbuckets,IAM_role_admin,1.210.227.95,bangalore,15.86,success,19,0,0,0,0,50,109.945,6
USER006,2026-05-28 13:59:55,loginattempt,Lambda_function_01,129.175.35.171,pune,14.19,success,13,3,0,0,0,50,23.5744,4
USER008,2026-05-11 14:10:30,listbuckets,RDS_database,202.102.195.236,ahmedabad,37.71,success,14,0,0,0,0,50,25.7948,3
USER001,2026-04-20 14:07:25,describeinstances,S3_bucket_prod,129.153.128.30,mumbai,22.87,success,14,0,0,0,0,50,27.1782,6
USER009,2026-03-24 17:10:01,putobject,S3_bucket_prod,82.37.78.133,jaipur,33.14,success,17,1,0,0,0,50,26.9058,4
USER001,2026-03-30 00:03:55,getobject,RDS_database,129.153.128.30,mumbai,42.59,success,0,0,1,0,0,50,27.1782,6
USER005,2026-04-30 15:40:26,getobject,RDS_database,175.27.105.158,hyderabad,44.76,success,15,3,0,0,0,50,25.0218,17
USER005,2026-05-26 15:54:20,getobject,RDS_database,175.27.105.158,hyderabad,10.94,success,15,1,0,0,0,50,25.0218,17
USER002,2026-03-27 17:57:57,putobject,RDS_database,111.147.72.102,delhi,24.38,success,17,4,0,0,0,50,25.378,3
USER008,2026-04-11 17:02:06,loginattempt,EC2_instance_01,202.102.195.236,ahmedabad,1.9,success,17,5,0,0,0,50,25.7948,3
USER002,2026-05-02 16:37:46,describeinstances,EC2_instance_01,111.147.72.102,delhi,6.04,success,16,5,0,0,0,50,25.378,3
USER003,2026-05-18 16:14:10,getobject,S3_bucket_prod,1.210.227.95,bangalore,23.29,success,16,0,0,0,0,50,109.945,6
USER003,2026-03-22 09:34:55,getobject,IAM_role_admin,1.210.227.95,bangalore,1.88,failed,9,6,0,0,1,50,109.945,6
USER006,2026-06-06 14:00:52,createinstance,IAM_role_admin,129.175.35.171,pune,45.39,failed,14,5,0,0,1,50,23.5744,4
USER004,2026-04-01 05:04:50,listbuckets,Lambda_function_01,202.255.110.21,chennai,21.45,success,5,2,1,0,0,50,24.91,7
USER008,2026-05-09 16:44:42,loginattempt,S3_bucket_prod,202.102.195.236,ahmedabad,42.6,success,16,5,0,0,0,50,25.7948,3
USER010,2026-05-19 14:55:58,loginattempt,S3_bucket_prod,198.15.228.217,lucknow,9.57,success,14,1,0,0,0,50,25.7322,9
USER003,2026-04-17 15:56:31,getobject,IAM_role_admin,1.210.227.95,bangalore,43.12,success,15,4,0,0,0,50,109.945,6
USER006,2026-04-01 18:35:37,deleteobject,S3_bucket_prod,129.175.35.171,pune,34.95,failed,18,2,0,0,1,50,23.5744,4
USER001,2026-04-07 13:05:40,putobject,IAM_role_admin,129.153.128.30,mumbai,4.49,success,13,1,0,0,0,50,27.1782,6
USER006,2026-05-21 17:30:20,describeinstances,IAM_role_admin,129.175.35.171,pune,42.29,success,17,3,0,0,0,50,23.5744,4
USER002,2026-04-30 10:39:11,describeinstances,S3_bucket_prod,111.147.72.102,delhi,24.97,success,10,3,0,0,0,50,25.378,3
USER009,2026-04-08 09:07:02,getobject,RDS_database,82.37.78.133,jaipur,22.61,success,9,2,0,0,0,50,26.9058,4
USER005,2026-03-27 10:16:25,listbuckets,S3_bucket_prod,175.27.105.158,hyderabad,19.31,success,10,4,0,0,0,50,25.0218,17
USER005,2026-05-22 01:27:14,putobject,EC2_instance_01,175.27.105.158,hyderabad,40.7,success,1,4,1,0,0,50,25.0218,17
USER009,2026-04-19 09:35:08,listbuckets,S3_bucket_prod,82.37.78.133,jaipur,17.9,success,9,6,0,0,0,50,26.9058,4
USER001,2026-05-20 08:50:56,getobject,Lambda_function_01,129.153.128.30,mumbai,38.43,success,8,2,0,0,0,50,27.1782,6
USER008,2026-05-08 14:37:16,terminateinstance,Lambda_function_01,202.102.195.236,ahmedabad,3.07,success,14,4,0,0,0,50,25.7948,3
USER010,2026-06-09 05:47:20,terminateinstance,S3_bucket_prod,198.15.228.217,lucknow,23.17,success,5,1,1,0,0,50,25.7322,9
USER010,2026-03-16 07:28:09,putobject,Lambda_function_01,198.15.228.217,lucknow,7.42,success,7,0,0,0,0,50,25.7322,9
USER001,2026-05-19 20:47:30,getobject,RDS_database,129.153.128.30,mumbai,46.58,success,20,1,0,0,0,50,27.1782,6
USER002,2026-04-22 20:15:52,describeinstances,RDS_database,111.147.72.102,delhi,22.96,success,20,2,0,0,0,50,25.378,3
USER005,2026-04-21 18:19:31,createinstance,EC2_instance_01,175.27.105.158,hyderabad,15.77,success,18,1,0,0,0,50,25.0218,17
USER009,2026-03-31 14:12:42,getobject,IAM_role_admin,1.180.71.82,china,34.07,success,14,1,0,1,0,50,26.9058,4
USER004,2026-04-29 11:18:43,putobject,IAM_role_admin,202.255.110.21,chennai,42.78,success,11,2,0,0,0,50,24.91,7
USER002,2026-04-16 07:54:25,getobject,EC2_instance_01,111.147.72.102,delhi,25.24,success,7,3,0,0,0,50,25.378,3
USER006,2026-06-08 10:20:07,describeinstances,Lambda_function_01,129.175.35.171,pune,30.72,success,10,0,0,0,0,50,23.5744,4
USER008,2026-06-07 16:59:29,getobject,EC2_instance_01,202.102.195.236,ahmedabad,26.44,success,16,6,0,0,0,50,25.7948,3
USER004,2026-05-24 09:20:00,deleteobject,IAM_role_admin,202.255.110.21,chennai,2.94,success,9,6,0,0,0,50,24.91,7
USER008,2026-04-07 11:16:49,getobject,S3_bucket_prod,202.102.195.236,ahmedabad,10.45,success,11,1,0,0,0,50,25.7948,3
USER010,2026-04-21 12:20:19,getobject,IAM_role_admin,198.15.228.217,lucknow,10.9,success,12,1,0,0,0,50,25.7322,9
USER003,2026-03-17 11:55:02,listbuckets,RDS_database,1.210.227.95,bangalore,16.41,success,11,1,0,0,0,50,109.945,6
USER002,2026-03-21 17:28:53,putobject,S3_bucket_prod,111.147.72.102,delhi,40.51,success,17,5,0,0,0,50,25.378,3
USER006,2026-05-23 13:05:55,loginattempt,Lambda_function_01,129.175.35.171,pune,5.57,success,13,5,0,0,0,50,23.5744,4
USER007,2026-03-27 01:40:46,loginattempt,Lambda_function_01,93.153.152.126,kolkata,42.99,success,1,4,1,0,0,50,24.217,4
USER008,2026-05-08 20:24:51,putobject,S3_bucket_prod,202.102.195.236,ahmedabad,14.0,success,20,4,0,0,0,50,25.7948,3
USER002,2026-05-30 12:11:16,describeinstances,Lambda_function_01,111.147.72.102,delhi,17.06,success,12,5,0,0,0,50,25.378,3
USER009,2026-04-22 13:15:22,getobject,RDS_database,1.180.226.114,china,18.24,success,13,2,0,1,0,50,26.9058,4
USER004,2026-05-03 12:57:15,createinstance,S3_bucket_prod,202.255.110.21,chennai,48.41,success,12,6,0,0,0,50,24.91,7
USER010,2026-05-24 23:31:33,describeinstances,S3_bucket_prod,198.15.228.217,lucknow,29.62,success,23,6,1,0,0,50,25.7322,9
USER005,2026-03-29 23:21:33,loginattempt,EC2_instance_01,175.27.105.158,hyderabad,30.29,success,23,6,1,0,0,50,25.0218,17
USER009,2026-03-20 05:30:17,loginattempt,EC2_instance_01,82.37.78.133,jaipur,6.82,failed,5,4,1,0,1,50,26.9058,4
USER010,2026-04-07 19:15:19,listbuckets,EC2_instance_01,198.15.228.217,lucknow,22.69,success,19,1,0,0,0,50,25.7322,9
USER004,2026-05-18 21:59:45,describeinstances,RDS_database,202.255.110.21,chennai,24.64,failed,21,0,0,0,1,50,24.91,7
USER010,2026-06-05 00:35:55,deleteobject,EC2_instance_01,198.15.228.217,lucknow,18.4,success,0,4,1,0,0,50,25.7322,9
USER010,2026-04-12 11:11:33,getobject,Lambda_function_01,198.15.228.217,lucknow,35.56,success,11,6,0,0,0,50,25.7322,9
USER002,2026-05-07 07:06:20,loginattempt,RDS_database,111.147.72.102,delhi,47.54,success,7,3,0,0,0,50,25.378,3
USER010,2026-03-23 13:08:51,putobject,EC2_instance_01,198.15.228.217,lucknow,27.32,success,13,0,0,0,0,50,25.7322,9
USER007,2026-05-29 02:28:22,getobject,IAM_role_admin,93.153.152.126,kolkata,10.65,success,2,4,1,0,0,50,24.217,4
USER004,2026-04-18 11:23:14,listbuckets,EC2_instance_01,202.255.110.21,chennai,38.82,success,11,5,0,0,0,50,24.91,7
USER006,2026-04-10 15:17:31,deleteobject,Lambda_function_01,129.175.35.171,pune,3.88,success,15,4,0,0,0,50,23.5744,4
USER006,2026-05-25 14:59:48,getobject,RDS_database,129.175.35.171,pune,28.54,success,14,0,0,0,0,50,23.5744,4
USER007,2026-05-17 16:01:30,loginattempt,Lambda_function_01,93.153.152.126,kolkata,31.82,success,16,6,0,0,0,50,24.217,4
USER007,2026-06-01 04:45:35,describeinstances,Lambda_function_01,93.153.152.126,kolkata,2.79,success,4,0,1,0,0,50,24.217,4
USER009,2026-05-17 10:45:38,putobject,S3_bucket_prod,82.37.78.133,jaipur,17.61,success,10,6,0,0,0,50,26.9058,4
USER007,2026-03-31 04:12:41,describeinstances,S3_bucket_prod,93.153.152.126,kolkata,38.45,success,4,1,1,0,0,50,24.217,4
USER002,2026-04-08 11:09:42,listbuckets,EC2_instance_01,111.147.72.102,delhi,15.66,success,11,2,0,0,0,50,25.378,3
USER008,2026-04-11 15:02:53,loginattempt,S3_bucket_prod,202.102.195.236,ahmedabad,47.49,success,15,5,0,0,0,50,25.7948,3
USER010,2026-04-02 13:52:26,putobject,IAM_role_admin,198.15.228.217,lucknow,22.13,success,13,3,0,0,0,50,25.7322,9
USER005,2026-04-30 15:59:49,putobject,S3_bucket_prod,175.27.105.158,hyderabad,9.85,success,15,3,0,0,0,50,25.0218,17
USER005,2026-03-28 11:06:45,putobject,IAM_role_admin,175.27.105.158,hyderabad,2.6,success,11,5,0,0,0,50,25.0218,17
USER001,2026-06-05 17:04:17,terminateinstance,EC2_instance_01,129.153.128.30,mumbai,11.24,success,17,4,0,0,0,50,27.1782,6
USER008,2026-03-26 15:49:34,putobject,EC2_instance_01,202.102.195.236,ahmedabad,7.79,success,15,3,0,0,0,50,25.7948,3
USER006,2026-05-28 09:52:49,listbuckets,EC2_instance_01,129.175.35.171,pune,4.39,success,9,3,0,0,0,50,23.5744,4
USER008,2026-05-16 07:56:17,loginattempt,S3_bucket_prod,202.102.195.236,ahmedabad,43.26,success,7,5,0,0,0,50,25.7948,3
USER006,2026-03-20 03:01:53,describeinstances,S3_bucket_prod,129.175.35.171,pune,12.5,success,3,4,1,0,0,50,23.5744,4
USER004,2026-05-23 12:53:29,listbuckets,Lambda_function_01,202.255.110.21,chennai,8.36,success,12,5,0,0,0,50,24.91,7
USER005,2026-06-12 02:28:05,loginattempt,Lambda_function_01,175.27.105.158,hyderabad,34.58,success,2,4,1,0,0,50,25.0218,17
USER005,2026-05-28 12:20:31,putobject,RDS_database,175.27.105.158,hyderabad,15.97,success,12,3,0,0,0,50,25.0218,17
USER007,2026-04-13 18:21:02,describeinstances,S3_bucket_prod,93.153.152.126,kolkata,30.5,success,18,0,0,0,0,50,24.217,4
USER004,2026-04-24 16:05:14,getobject,RDS_database,202.255.110.21,chennai,3.32,success,16,4,0,0,0,50,24.91,7
USER003,2026-03-15 10:02:20,getobject,IAM_role_admin,1.210.227.95,bangalore,30.01,success,10,6,0,0,0,50,109.945,6
USER001,2026-05-29 03:18:35,terminateinstance,Lambda_function_01,129.153.128.30,mumbai,10.29,success,3,4,1,0,0,50,27.1782,6
USER004,2026-04-07 15:35:13,loginattempt,IAM_role_admin,202.255.110.21,chennai,44.73,success,15,1,0,0,0,50,24.91,7
USER001,2026-04-02 10:44:17,putobject,RDS_database,129.153.128.30,mumbai,34.41,failed,10,3,0,0,1,50,27.1782,6
USER009,2026-06-06 09:32:55,getobject,RDS_database,82.37.78.133,jaipur,12.6,success,9,5,0,0,0,50,26.9058,4
USER005,2026-03-27 07:45:07,getobject,IAM_role_admin,175.27.105.158,hyderabad,5.75,failed,7,4,0,0,1,50,25.0218,17
USER007,2026-05-22 19:43:06,loginattempt,S3_bucket_prod,93.153.152.126,kolkata,31.95,success,19,4,0,0,0,50,24.217,4
USER010,2026-03-20 18:52:35,putobject,Lambda_function_01,198.15.228.217,lucknow,47.89,success,18,4,0,0,0,50,25.7322,9
USER002,2026-05-16 12:26:40,terminateinstance,IAM_role_admin,111.147.72.102,delhi,8.86,success,12,5,0,0,0,50,25.378,3
USER001,2026-05-16 14:50:34,getobject,RDS_database,129.153.128.30,mumbai,29.57,success,14,5,0,0,0,50,27.1782,6
USER009,2026-04-20 15:43:11,loginattempt,IAM_role_admin,185.220.57.78,russia,31.61,success,15,0,0,1,0,50,26.9058,4
USER002,2026-03-17 06:06:16,listbuckets,Lambda_function_01,111.147.72.102,delhi,34.27,success,6,1,0,0,0,50,25.378,3
USER009,2026-06-01 09:13:00,describeinstances,IAM_role_admin,82.37.78.133,jaipur,30.08,success,9,0,0,0,0,50,26.9058,4
USER009,2026-04-10 11:50:51,loginattempt,EC2_instance_01,82.37.78.133,jaipur,19.04,success,11,4,0,0,0,50,26.9058,4
USER001,2026-04-30 03:11:09,deleteobject,EC2_instance_01,129.153.128.30,mumbai,25.75,success,3,3,1,0,0,50,27.1782,6
USER002,2026-06-08 08:02:48,putobject,Lambda_function_01,111.147.72.102,delhi,40.33,success,8,0,0,0,0,50,25.378,3
USER001,2026-05-23 19:57:11,getobject,RDS_database,129.153.128.30,mumbai,46.24,success,19,5,0,0,0,50,27.1782,6
USER007,2026-05-12 11:59:33,getobject,IAM_role_admin,93.153.152.126,kolkata,25.43,success,11,1,0,0,0,50,24.217,4
USER002,2026-05-27 17:57:29,getobject,Lambda_function_01,111.147.72.102,delhi,3.61,failed,17,2,0,0,1,50,25.378,3
USER007,2026-05-13 03:03:31,listbuckets,Lambda_function_01,93.153.152.126,kolkata,21.57,success,3,2,1,0,0,50,24.217,4
USER006,2026-04-25 21:13:19,getobject,Lambda_function_01,129.175.35.171,pune,12.11,success,21,5,0,0,0,50,23.5744,4
USER008,2026-06-12 10:23:33,putobject,IAM_role_admin,202.102.195.236,ahmedabad,45.7,success,10,4,0,0,0,50,25.7948,3
USER001,2026-05-10 07:54:56,listbuckets,Lambda_function_01,129.153.128.30,mumbai,31.39,success,7,6,0,0,0,50,27.1782,6
USER004,2026-04-30 06:02:57,listbuckets,S3_bucket_prod,202.255.110.21,chennai,19.49,success,6,3,0,0,0,50,24.91,7
USER003,2026-05-24 11:30:00,putobject,RDS_database,1.210.227.95,bangalore,13.24,success,11,6,0,0,0,50,109.945,6
USER003,2026-06-02 12:26:10,putobject,Lambda_function_01,1.210.227.95,bangalore,27.62,success,12,1,0,0,0,50,109.945,6
USER005,2026-04-10 17:57:19,loginattempt,EC2_instance_01,175.27.105.158,hyderabad,2.23,success,17,4,0,0,0,50,25.0218,17
USER003,2026-04-06 04:48:37,loginattempt,S3_bucket_prod,1.210.227.95,bangalore,26.31,success,4,0,1,0,0,50,109.945,6
USER002,2026-05-21 13:02:43,loginattempt,S3_bucket_prod,111.147.72.102,delhi,49.78,success,13,3,0,0,0,50,25.378,3
USER007,2026-05-13 12:38:45,describeinstances,EC2_instance_01,93.153.152.126,kolkata,31.38,success,12,2,0,0,0,50,24.217,4
USER007,2026-05-03 01:51:55,deleteobject,S3_bucket_prod,93.153.152.126,kolkata,2.27,success,1,6,1,0,0,50,24.217,4
USER002,2026-04-15 08:21:00,putobject,Lambda_function_01,111.147.72.102,delhi,9.13,success,8,2,0,0,0,50,25.378,3
USER009,2026-04-14 18:46:38,loginattempt,Lambda_function_01,82.37.78.133,jaipur,7.1,success,18,1,0,0,0,50,26.9058,4
USER007,2026-05-19 19:29:05,putobject,Lambda_function_01,93.153.152.126,kolkata,47.58,success,19,1,0,0,0,50,24.217,4
USER001,2026-06-07 14:27:42,getobject,IAM_role_admin,129.153.128.30,mumbai,8.06,success,14,6,0,0,0,50,27.1782,6
USER009,2026-05-26 10:03:21,describeinstances,Lambda_function_01,82.37.78.133,jaipur,25.15,success,10,1,0,0,0,50,26.9058,4
USER005,2026-05-27 08:29:17,describeinstances,S3_bucket_prod,175.27.105.158,hyderabad,41.33,failed,8,2,0,0,1,50,25.0218,17
USER003,2026-04-15 19:21:13,deleteobject,Lambda_function_01,1.210.227.95,bangalore,1256.68,success,19,2,0,0,0,50,109.945,6
USER009,2026-05-05 07:17:40,getobject,EC2_instance_01,82.37.78.133,jaipur,25.33,success,7,1,0,0,0,50,26.9058,4
USER010,2026-05-02 15:11:25,putobject,IAM_role_admin,198.15.228.217,lucknow,41.32,success,15,5,0,0,0,50,25.7322,9
USER001,2026-04-02 18:45:59,describeinstances,RDS_database,129.153.128.30,mumbai,15.26,success,18,3,0,0,0,50,27.1782,6
USER005,2026-04-14 17:00:39,describeinstances,S3_bucket_prod,175.27.105.158,hyderabad,21.59,success,17,1,0,0,0,50,25.0218,17
USER009,2026-06-12 07:27:54,putobject,Lambda_function_01,82.37.78.133,jaipur,28.71,success,7,4,0,0,0,50,26.9058,4
USER006,2026-05-22 10:41:23,putobject,RDS_database,129.175.35.171,pune,25.09,success,10,4,0,0,0,50,23.5744,4
USER007,2026-04-06 08:53:36,listbuckets,S3_bucket_prod,93.153.152.126,kolkata,23.9,success,8,0,0,0,0,50,24.217,4
USER010,2026-05-05 13:29:28,listbuckets,EC2_instance_01,198.15.228.217,lucknow,24.14,success,13,1,0,0,0,50,25.7322,9
USER008,2026-04-29 07:20:39,describeinstances,Lambda_function_01,202.102.195.236,ahmedabad,8.52,success,7,2,0,0,0,50,25.7948,3
USER001,2026-05-13 10:21:14,loginattempt,S3_bucket_prod,129.153.128.30,mumbai,26.05,failed,10,2,0,0,1,50,27.1782,6
USER008,2026-04-06 07:52:14,describeinstances,Lambda_function_01,202.102.195.236,ahmedabad,9.13,success,7,0,0,0,0,50,25.7948,3
USER004,2026-05-02 07:56:52,loginattempt,IAM_role_admin,202.255.110.21,chennai,20.01,success,7,5,0,0,0,50,24.91,7
USER001,2026-05-01 07:28:30,getobject,Lambda_function_01,129.153.128.30,mumbai,9.35,success,7,4,0,0,0,50,27.1782,6
USER004,2026-05-26 20:18:14,getobject,S3_bucket_prod,202.255.110.21,chennai,12.09,success,20,1,0,0,0,50,24.91,7
USER008,2026-05-31 12:00:25,listbuckets,RDS_database,202.102.195.236,ahmedabad,40.56,success,12,6,0,0,0,50,25.7948,3
USER008,2026-05-14 12:15:44,loginattempt,EC2_instance_01,202.102.195.236,ahmedabad,20.28,success,12,3,0,0,0,50,25.7948,3
USER005,2026-03-27 21:17:11,putobject,RDS_database,175.27.105.158,hyderabad,14.33,success,21,4,0,0,0,50,25.0218,17
USER001,2026-05-25 09:15:42,listbuckets,Lambda_function_01,129.153.128.30,mumbai,42.38,success,9,0,0,0,0,50,27.1782,6
USER002,2026-03-23 19:21:28,getobject,IAM_role_admin,111.147.72.102,delhi,10.15,success,19,0,0,0,0,50,25.378,3
USER009,2026-06-12 07:02:43,describeinstances,S3_bucket_prod,82.37.78.133,jaipur,44.22,success,7,4,0,0,0,50,26.9058,4
USER009,2026-03-22 14:41:31,listbuckets,IAM_role_admin,82.37.78.133,jaipur,32.99,failed,14,6,0,0,1,50,26.9058,4
USER009,2026-05-09 08:01:04,deleteobject,RDS_database,185.220.144.213,russia,34.09,success,8,5,0,1,0,50,26.9058,4
USER007,2026-04-24 17:59:17,loginattempt,S3_bucket_prod,93.153.152.126,kolkata,44.48,success,17,4,0,0,0,50,24.217,4
USER006,2026-04-03 17:39:38,listbuckets,S3_bucket_prod,129.175.35.171,pune,7.63,success,17,4,0,0,0,50,23.5744,4
USER008,2026-04-07 00:38:13,getobject,EC2_instance_01,202.102.195.236,ahmedabad,34.9,success,0,1,1,0,0,50,25.7948,3
USER002,2026-05-18 14:27:23,describeinstances,IAM_role_admin,111.147.72.102,delhi,37.25,failed,14,0,0,0,1,50,25.378,3
USER010,2026-03-21 08:34:31,putobject,IAM_role_admin,198.15.228.217,lucknow,34.29,success,8,5,0,0,0,50,25.7322,9
USER008,2026-04-14 20:36:03,listbuckets,IAM_role_admin,202.102.195.236,ahmedabad,12.99,success,20,1,0,0,0,50,25.7948,3
USER010,2026-03-25 18:11:54,getobject,S3_bucket_prod,198.15.228.217,lucknow,43.79,success,18,2,0,0,0,50,25.7322,9
USER003,2026-04-21 00:28:33,getobject,IAM_role_admin,1.210.227.95,bangalore,22.3,failed,0,1,1,0,1,50,109.945,6
USER004,2026-05-07 16:40:36,createinstance,S3_bucket_prod,202.255.110.21,chennai,49.06,success,16,3,0,0,0,50,24.91,7
USER007,2026-03-20 10:14:13,describeinstances,RDS_database,93.153.152.126,kolkata,11.88,success,10,4,0,0,0,50,24.217,4
USER003,2026-05-20 09:49:45,listbuckets,IAM_role_admin,1.210.227.95,bangalore,32.84,success,9,2,0,0,0,50,109.945,6
USER007,2026-05-01 04:36:02,loginattempt,EC2_instance_01,93.153.152.126,kolkata,22.47,success,4,4,1,0,0,50,24.217,4
USER003,2026-04-22 12:35:53,getobject,EC2_instance_01,1.210.227.95,bangalore,38.61,success,12,2,0,0,0,50,109.945,6
USER002,2026-05-10 12:18:48,putobject,RDS_database,111.147.72.102,delhi,47.04,success,12,6,0,0,0,50,25.378,3
USER004,2026-05-22 09:44:00,putobject,RDS_database,202.255.110.21,chennai,26.74,success,9,4,0,0,0,50,24.91,7
USER006,2026-05-01 08:50:07,putobject,IAM_role_admin,129.175.35.171,pune,46.6,success,8,4,0,0,0,50,23.5744,4
USER009,2026-05-04 19:27:01,getobject,S3_bucket_prod,82.37.78.133,jaipur,6.81,success,19,0,0,0,0,50,26.9058,4
USER005,2026-03-25 10:19:31,getobject,S3_bucket_prod,175.27.105.158,hyderabad,5.58,success,10,2,0,0,0,50,25.0218,17
USER002,2026-03-29 13:32:19,getobject,EC2_instance_01,111.147.72.102,delhi,47.13,success,13,6,0,0,0,50,25.378,3
USER005,2026-05-17 01:53:58,listbuckets,IAM_role_admin,175.27.105.158,hyderabad,49.35,success,1,6,1,0,0,50,25.0218,17
USER003,2026-05-08 12:12:52,putobject,IAM_role_admin,1.210.227.95,bangalore,19.81,failed,12,4,0,0,1,50,109.945,6
USER003,2026-04-11 09:28:22,listbuckets,EC2_instance_01,1.210.227.95,bangalore,3.82,failed,9,5,0,0,1,50,109.945,6
USER007,2026-06-10 08:34:36,getobject,IAM_role_admin,93.153.152.126,kolkata,27.14,success,8,2,0,0,0,50,24.217,4
USER009,2026-03-25 13:49:14,describeinstances,Lambda_function_01,82.37.78.133,jaipur,35.73,failed,13,2,0,0,1,50,26.9058,4
USER006,2026-03-18 22:09:07,getobject,IAM_role_admin,129.175.35.171,pune,29.9,success,22,2,1,0,0,50,23.5744,4
USER007,2026-04-21 03:28:21,loginattempt,RDS_database,93.153.152.126,kolkata,11.17,success,3,1,1,0,0,50,24.217,4
USER010,2026-05-07 19:40:47,putobject,RDS_database,198.15.228.217,lucknow,5.21,success,19,3,0,0,0,50,25.7322,9
USER004,2026-05-13 07:50:13,describeinstances,Lambda_function_01,202.255.110.21,chennai,14.9,success,7,2,0,0,0,50,24.91,7
USER002,2026-03-30 14:47:01,describeinstances,Lambda_function_01,111.147.72.102,delhi,8.53,success,14,0,0,0,0,50,25.378,3
USER010,2026-03-31 09:47:31,putobject,IAM_role_admin,198.15.228.217,lucknow,1.58,success,9,1,0,0,0,50,25.7322,9
USER002,2026-03-29 09:47:39,getobject,Lambda_function_01,111.147.72.102,delhi,30.02,success,9,6,0,0,0,50,25.378,3
USER002,2026-06-06 14:50:17,listbuckets,Lambda_function_01,111.147.72.102,delhi,23.99,success,14,5,0,0,0,50,25.378,3
USER010,2026-03-31 02:55:56,describeinstances,RDS_database,198.15.228.217,lucknow,33.04,success,2,1,1,0,0,50,25.7322,9
USER002,2026-04-03 17:10:36,getobject,IAM_role_admin,111.147.72.102,delhi,30.71,success,17,4,0,0,0,50,25.378,3
USER009,2026-03-23 13:03:57,getobject,RDS_database,82.37.78.133,jaipur,30.91,success,13,0,0,0,0,50,26.9058,4
USER003,2026-06-06 18:54:32,listbuckets,S3_bucket_prod,1.210.227.95,bangalore,33.1,success,18,5,0,0,0,50,109.945,6
USER004,2026-04-26 17:05:37,listbuckets,Lambda_function_01,202.255.110.21,chennai,13.0,success,17,6,0,0,0,50,24.91,7
USER005,2026-03-21 08:39:35,getobject,EC2_instance_01,175.27.105.158,hyderabad,37.79,success,8,5,0,0,0,50,25.0218,17
USER010,2026-03-22 13:45:26,getobject,IAM_role_admin,198.15.228.217,lucknow,35.74,failed,13,6,0,0,1,50,25.7322,9
USER003,2026-04-06 08:26:14,putobject,EC2_instance_01,1.210.227.95,bangalore,24.24,success,8,0,0,0,0,50,109.945,6
USER002,2026-05-20 12:08:23,describeinstances,EC2_instance_01,111.147.72.102,delhi,30.52,success,12,2,0,0,0,50,25.378,3
USER008,2026-04-26 21:22:15,getobject,S3_bucket_prod,202.102.195.236,ahmedabad,35.6,success,21,6,0,0,0,50,25.7948,3
USER001,2026-06-11 03:11:34,putobject,IAM_role_admin,129.153.128.30,mumbai,46.29,success,3,3,1,0,0,50,27.1782,6
USER003,2026-04-24 13:12:58,putobject,EC2_instance_01,1.210.227.95,bangalore,46.01,success,13,4,0,0,0,50,109.945,6
USER009,2026-05-11 13:05:49,loginattempt,IAM_role_admin,82.37.78.133,jaipur,31.12,success,13,0,0,0,0,50,26.9058,4
USER004,2026-04-25 15:50:12,getobject,EC2_instance_01,202.255.110.21,chennai,22.65,success,15,5,0,0,0,50,24.91,7
USER002,2026-05-07 11:22:04,putobject,RDS_database,111.147.72.102,delhi,9.92,success,11,3,0,0,0,50,25.378,3
USER005,2026-03-20 04:31:57,describeinstances,RDS_database,175.27.105.158,hyderabad,43.59,failed,4,4,1,0,1,50,25.0218,17
USER001,2026-05-19 07:36:05,getobject,IAM_role_admin,129.153.128.30,mumbai,11.88,success,7,1,0,0,0,50,27.1782,6
USER001,2026-04-06 16:49:45,putobject,Lambda_function_01,129.153.128.30,mumbai,23.23,success,16,0,0,0,0,50,27.1782,6
USER003,2026-04-02 12:52:10,describeinstances,Lambda_function_01,1.210.227.95,bangalore,1820.1,success,12,3,0,0,0,50,109.945,6
USER001,2026-06-04 00:19:23,getobject,S3_bucket_prod,129.153.128.30,mumbai,47.71,success,0,3,1,0,0,50,27.1782,6
USER004,2026-03-30 16:45:17,loginattempt,IAM_role_admin,202.255.110.21,chennai,17.24,success,16,0,0,0,0,50,24.91,7
USER006,2026-04-23 09:16:18,getobject,EC2_instance_01,129.175.35.171,pune,33.17,success,9,3,0,0,0,50,23.5744,4
USER007,2026-05-18 10:37:09,loginattempt,S3_bucket_prod,93.153.152.126,kolkata,14.26,success,10,0,0,0,0,50,24.217,4
USER002,2026-05-12 09:48:19,putobject,S3_bucket_prod,111.147.72.102,delhi,10.46,success,9,1,0,0,0,50,25.378,3
USER007,2026-04-01 06:07:37,deleteobject,IAM_role_admin,93.153.152.126,kolkata,21.91,failed,6,2,0,0,1,50,24.217,4
USER006,2026-05-02 00:16:43,loginattempt,RDS_database,129.175.35.171,pune,3.78,success,0,5,1,0,0,50,23.5744,4
USER005,2026-05-29 07:18:35,terminateinstance,S3_bucket_prod,175.27.105.158,hyderabad,4.12,success,7,4,0,0,0,50,25.0218,17
USER007,2026-04-20 13:02:44,loginattempt,S3_bucket_prod,93.153.152.126,kolkata,10.01,success,13,0,0,0,0,50,24.217,4
USER001,2026-05-31 11:21:48,getobject,S3_bucket_prod,129.153.128.30,mumbai,17.26,success,11,6,0,0,0,50,27.1782,6
USER003,2026-05-30 07:27:18,terminateinstance,S3_bucket_prod,1.210.227.95,bangalore,7.99,success,7,5,0,0,0,50,109.945,6
USER009,2026-06-09 07:41:13,getobject,S3_bucket_prod,82.37.78.133,jaipur,4.76,success,7,1,0,0,0,50,26.9058,4
USER003,2026-04-10 20:10:42,terminateinstance,RDS_database,1.210.227.95,bangalore,2.97,success,20,4,0,0,0,50,109.945,6
USER006,2026-05-15 16:00:02,deleteobject,RDS_database,129.175.35.171,pune,13.61,success,16,4,0,0,0,50,23.5744,4
USER006,2026-05-28 01:59:04,loginattempt,S3_bucket_prod,129.175.35.171,pune,8.02,success,1,3,1,0,0,50,23.5744,4
USER008,2026-05-31 15:01:14,loginattempt,RDS_database,202.102.195.236,ahmedabad,32.75,success,15,6,0,0,0,50,25.7948,3
USER005,2026-04-07 05:33:09,deleteobject,RDS_database,175.27.105.158,hyderabad,46.21,failed,5,1,1,0,1,50,25.0218,17
USER001,2026-05-22 14:55:50,getobject,RDS_database,129.153.128.30,mumbai,4.07,success,14,4,0,0,0,50,27.1782,6
USER010,2026-06-11 08:10:42,loginattempt,Lambda_function_01,198.15.228.217,lucknow,8.18,success,8,3,0,0,0,50,25.7322,9
USER004,2026-05-07 15:00:49,putobject,EC2_instance_01,202.255.110.21,chennai,14.44,success,15,3,0,0,0,50,24.91,7
USER007,2026-03-18 16:17:41,getobject,IAM_role_admin,93.153.152.126,kolkata,34.18,success,16,2,0,0,0,50,24.217,4
USER002,2026-05-26 11:29:10,getobject,RDS_database,111.147.72.102,delhi,26.4,success,11,1,0,0,0,50,25.378,3
USER006,2026-04-30 01:26:57,getobject,EC2_instance_01,129.175.35.171,pune,16.78,success,1,3,1,0,0,50,23.5744,4
USER001,2026-04-15 16:55:47,getobject,EC2_instance_01,129.153.128.30,mumbai,28.25,success,16,2,0,0,0,50,27.1782,6
USER009,2026-04-09 18:18:28,createinstance,RDS_database,185.220.45.194,russia,14.28,success,18,3,0,1,0,50,26.9058,4
USER006,2026-05-03 02:48:05,putobject,S3_bucket_prod,129.175.35.171,pune,28.7,success,2,6,1,0,0,50,23.5744,4
USER001,2026-03-15 08:17:04,putobject,Lambda_function_01,129.153.128.30,mumbai,12.18,success,8,6,0,0,0,50,27.1782,6
USER009,2026-04-14 11:57:19,createinstance,S3_bucket_prod,82.37.78.133,jaipur,30.14,success,11,1,0,0,0,50,26.9058,4
USER007,2026-05-16 15:34:42,describeinstances,S3_bucket_prod,93.153.152.126,kolkata,27.13,success,15,5,0,0,0,50,24.217,4
USER003,2026-04-27 06:39:28,getobject,S3_bucket_prod,1.210.227.95,bangalore,5.62,success,6,0,0,0,0,50,109.945,6
USER003,2026-05-29 15:08:25,getobject,S3_bucket_prod,1.210.227.95,bangalore,18.28,success,15,4,0,0,0,50,109.945,6
USER004,2026-04-23 14:29:14,createinstance,RDS_database,202.255.110.21,chennai,38.06,success,14,3,0,0,0,50,24.91,7
USER006,2026-05-31 04:08:56,putobject,RDS_database,129.175.35.171,pune,49.97,success,4,6,1,0,0,50,23.5744,4
USER010,2026-04-07 23:03:12,listbuckets,S3_bucket_prod,198.15.228.217,lucknow,4.51,failed,23,1,1,0,1,50,25.7322,9
USER001,2026-05-26 20:47:36,getobject,RDS_database,129.153.128.30,mumbai,37.14,success,20,1,0,0,0,50,27.1782,6
USER007,2026-03-20 03:05:47,getobject,EC2_instance_01,93.153.152.126,kolkata,22.27,success,3,4,1,0,0,50,24.217,4
USER005,2026-03-27 18:12:50,putobject,S3_bucket_prod,175.27.105.158,hyderabad,25.82,success,18,4,0,0,0,50,25.0218,17
USER003,2026-05-30 13:16:41,getobject,S3_bucket_prod,1.210.227.95,bangalore,18.97,success,13,5,0,0,0,50,109.945,6
USER009,2026-04-14 14:48:17,listbuckets,S3_bucket_prod,82.37.78.133,jaipur,41.27,success,14,1,0,0,0,50,26.9058,4
USER004,2026-04-14 06:30:27,loginattempt,IAM_role_admin,202.255.110.21,chennai,29.89,success,6,1,0,0,0,50,24.91,7
USER001,2026-04-13 03:31:06,getobject,S3_bucket_prod,129.153.128.30,mumbai,25.28,success,3,0,1,0,0,50,27.1782,6
USER006,2026-04-13 20:28:33,loginattempt,IAM_role_admin,129.175.35.171,pune,16.59,success,20,0,0,0,0,50,23.5744,4
USER007,2026-04-08 12:51:35,putobject,IAM_role_admin,93.153.152.126,kolkata,35.01,success,12,2,0,0,0,50,24.217,4
USER010,2026-04-13 03:26:00,getobject,Lambda_function_01,198.15.228.217,lucknow,42.9,success,3,0,1,0,0,50,25.7322,9
USER001,2026-04-16 14:36:00,deleteobject,RDS_database,129.153.128.30,mumbai,47.76,success,14,3,0,0,0,50,27.1782,6
USER007,2026-04-24 03:51:28,listbuckets,Lambda_function_01,93.153.152.126,kolkata,10.93,success,3,4,1,0,0,50,24.217,4
USER004,2026-06-09 14:31:26,getobject,Lambda_function_01,202.255.110.21,chennai,35.23,failed,14,1,0,0,1,50,24.91,7
USER001,2026-03-27 02:44:51,getobject,Lambda_function_01,129.153.128.30,mumbai,6.4,success,2,4,1,0,0,50,27.1782,6
USER001,2026-04-27 06:31:50,listbuckets,RDS_database,129.153.128.30,mumbai,44.02,success,6,0,0,0,0,50,27.1782,6
USER003,2026-06-04 12:15:52,getobject,RDS_database,1.210.227.95,bangalore,33.28,success,12,3,0,0,0,50,109.945,6
USER004,2026-05-02 05:28:17,getobject,RDS_database,202.255.110.21,chennai,39.55,success,5,5,1,0,0,50,24.91,7
USER003,2026-05-09 10:51:29,loginattempt,EC2_instance_01,1.210.227.95,bangalore,20.73,success,10,5,0,0,0,50,109.945,6
USER010,2026-04-15 05:52:52,deleteobject,RDS_database,198.15.228.217,lucknow,28.56,success,5,2,1,0,0,50,25.7322,9
USER001,2026-05-27 13:14:44,listbuckets,S3_bucket_prod,129.153.128.30,mumbai,17.11,success,13,2,0,0,0,50,27.1782,6
USER008,2026-04-23 07:18:15,getobject,S3_bucket_prod,202.102.195.236,ahmedabad,18.85,success,7,3,0,0,0,50,25.7948,3
USER001,2026-03-18 07:40:41,putobject,IAM_role_admin,129.153.128.30,mumbai,41.26,success,7,2,0,0,0,50,27.1782,6
USER006,2026-05-27 05:01:02,terminateinstance,IAM_role_admin,129.175.35.171,pune,46.94,failed,5,2,1,0,1,50,23.5744,4
USER004,2026-05-24 00:47:15,loginattempt,RDS_database,202.255.110.21,chennai,1.33,success,0,6,1,0,0,50,24.91,7
USER007,2026-05-19 01:05:47,listbuckets,EC2_instance_01,93.153.152.126,kolkata,16.21,failed,1,1,1,0,1,50,24.217,4
USER007,2026-04-11 17:26:30,listbuckets,RDS_database,93.153.152.126,kolkata,21.07,success,17,5,0,0,0,50,24.217,4
USER003,2026-05-16 13:25:54,deleteobject,EC2_instance_01,1.210.227.95,bangalore,22.67,success,13,5,0,0,0,50,109.945,6
USER005,2026-05-04 19:33:32,loginattempt,IAM_role_admin,175.27.105.158,hyderabad,34.14,success,19,0,0,0,0,50,25.0218,17
USER008,2026-05-25 09:17:35,getobject,Lambda_function_01,202.102.195.236,ahmedabad,30.89,success,9,0,0,0,0,50,25.7948,3
USER009,2026-05-31 10:43:44,putobject,IAM_role_admin,1.180.59.78,china,42.86,success,10,6,0,1,0,50,26.9058,4
USER010,2026-06-10 05:36:38,loginattempt,S3_bucket_prod,198.15.228.217,lucknow,25.33,success,5,2,1,0,0,50,25.7322,9
USER001,2026-05-05 13:16:31,loginattempt,Lambda_function_01,129.153.128.30,mumbai,49.41,failed,13,1,0,0,1,50,27.1782,6
USER003,2026-04-24 19:54:36,getobject,S3_bucket_prod,1.210.227.95,bangalore,38.5,success,19,4,0,0,0,50,109.945,6
USER004,2026-05-02 18:06:35,listbuckets,EC2_instance_01,202.255.110.21,chennai,22.18,success,18,5,0,0,0,50,24.91,7
USER001,2026-06-06 09:58:29,getobject,Lambda_function_01,129.153.128.30,mumbai,24.2,success,9,5,0,0,0,50,27.1782,6
USER002,2026-03-16 11:47:36,listbuckets,EC2_instance_01,111.147.72.102,delhi,8.57,success,11,0,0,0,0,50,25.378,3
USER009,2026-04-14 19:32:53,getobject,S3_bucket_prod,82.37.78.133,jaipur,24.08,success,19,1,0,0,0,50,26.9058,4
USER010,2026-04-13 09:06:14,describeinstances,Lambda_function_01,198.15.228.217,lucknow,28.11,success,9,0,0,0,0,50,25.7322,9
USER003,2026-03-28 14:02:47,putobject,RDS_database,1.210.227.95,bangalore,31.51,success,14,5,0,0,0,50,109.945,6
