user_id,timestamp,action,resource,ip_address,location,data_volume_mb,status
USER010,2026-05-07 18:07:47,GetObject,S3_bucket_prod,198.15.228.217,Lucknow,33.24,success
USER003,2026-06-05 17:43:20,DescribeInstances,Lambda_function_01,1.210.227.95,Bangalore,14.26,success
USER010,2026-05-22 11:09:57,DeleteObject,S3_bucket_prod,198.15.228.217,Lucknow,22.46,success
USER001,2026-03-26 17:56:56,LoginAttempt,IAM_role_admin,129.153.128.30,Mumbai,19.44,failed
USER001,2026-04-27 18:57:25,DescribeInstances,S3_bucket_prod,129.153.128.30,Mumbai,32.22,success
USER005,2026-04-27 15:32:00,PutObject,IAM_role_admin,175.27.105.158,Hyderabad,15.47,failed
USER001,2026-05-28 07:18:30,LoginAttempt,Lambda_function_01,129.153.128.30,Mumbai,6.42,failed
USER009,2026-03-18 19:46:50,GetObject,IAM_role_admin,82.37.78.133,Jaipur,33.62,success
USER007,2026-06-12 13:05:40,GetObject,Lambda_function_01,93.153.152.126,Kolkata,12.8,success
USER004,2026-05-30 17:00:54,LoginAttempt,Lambda_function_01,202.255.110.21,Chennai,1.27,success
USER006,2026-03-18 20:48:57,DescribeInstances,EC2_instance_01,129.175.35.171,Pune,3.8,success
USER005,2026-06-10 19:50:41,DescribeInstances,RDS_database,175.27.105.158,Hyderabad,10.89,failed
USER010,2026-03-18 14:44:32,DescribeInstances,IAM_role_admin,198.15.228.217,Lucknow,8.61,success
USER003,2026-03-19 09:05:42,TerminateInstance,IAM_role_admin,1.210.227.95,Bangalore,3.67,success
USER008,2026-05-09 02:53:27,GetObject,IAM_role_admin,202.102.195.236,Ahmedabad,5.49,success
USER003,2026-04-17 20:32:47,ListBuckets,Lambda_function_01,1.210.227.95,Bangalore,8.11,failed
USER006,2026-05-05 12:34:32,ListBuckets,IAM_role_admin,129.175.35.171,Pune,47.09,success
USER008,2026-04-25 14:54:28,GetObject,Lambda_function_01,202.102.195.236,Ahmedabad,14.63,success
USER004,2026-03-27 17:36:24,PutObject,IAM_role_admin,202.255.110.21,Chennai,21.03,success
USER007,2026-06-08 12:36:19,GetObject,EC2_instance_01,93.153.152.126,Kolkata,24.23,success
USER002,2026-04-21 11:33:35,ListBuckets,IAM_role_admin,111.147.72.102,Delhi,32.97,success
USER005,2026-04-06 18:11:25,ListBuckets,RDS_database,175.27.105.158,Hyderabad,26.12,failed
USER010,2026-04-16 08:55:51,ListBuckets,RDS_database,198.15.228.217,Lucknow,40.19,success
USER002,2026-04-30 18:02:06,GetObject,Lambda_function_01,111.147.72.102,Delhi,3.72,success
USER007,2026-05-29 12:20:29,PutObject,S3_bucket_prod,93.153.152.126,Kolkata,37.39,success
USER002,2026-04-23 18:24:22,GetObject,EC2_instance_01,111.147.72.102,Delhi,6.86,success
USER008,2026-05-08 08:59:26,PutObject,IAM_role_admin,202.102.195.236,Ahmedabad,34.7,success
USER009,2026-05-21 12:20:00,GetObject,IAM_role_admin,82.37.78.133,Jaipur,9.02,success
USER004,2026-05-01 19:59:57,DescribeInstances,RDS_database,202.255.110.21,Chennai,49.53,success
USER005,2026-04-29 13:19:04,LoginAttempt,S3_bucket_prod,175.27.105.158,Hyderabad,24.0,failed
USER005,2026-04-23 10:54:56,GetObject,S3_bucket_prod,175.27.105.158,Hyderabad,15.31,failed
USER001,2026-06-12 15:00:05,GetObject,Lambda_function_01,129.153.128.30,Mumbai,32.24,success
USER005,2026-05-29 18:45:36,PutObject,S3_bucket_prod,175.27.105.158,Hyderabad,27.44,failed
USER008,2026-06-06 18:31:46,DescribeInstances,EC2_instance_01,202.102.195.236,Ahmedabad,45.57,success
USER004,2026-04-29 12:20:34,ListBuckets,RDS_database,202.255.110.21,Chennai,6.14,success
USER010,2026-06-12 19:23:10,PutObject,EC2_instance_01,198.15.228.217,Lucknow,2.22,failed
USER002,2026-04-01 12:18:08,GetObject,RDS_database,111.147.72.102,Delhi,14.62,success
USER005,2026-05-01 15:48:37,PutObject,Lambda_function_01,175.27.105.158,Hyderabad,45.26,failed
USER002,2026-05-22 15:46:27,GetObject,Lambda_function_01,111.147.72.102,Delhi,36.89,success
USER009,2026-05-12 14:25:58,TerminateInstance,S3_bucket_prod,82.37.78.133,Jaipur,36.95,success
USER010,2026-04-09 07:07:17,LoginAttempt,S3_bucket_prod,198.15.228.217,Lucknow,25.0,failed
USER008,2026-05-31 13:14:24,LoginAttempt,IAM_role_admin,202.102.195.236,Ahmedabad,28.22,success
USER006,2026-03-22 13:49:14,PutObject,S3_bucket_prod,129.175.35.171,Pune,3.39,success
USER004,2026-06-06 16:39:46,DescribeInstances,IAM_role_admin,202.255.110.21,Chennai,40.24,success
USER001,2026-05-20 08:37:14,GetObject,Lambda_function_01,129.153.128.30,Mumbai,26.22,success
USER010,2026-05-01 07:41:53,LoginAttempt,EC2_instance_01,198.15.228.217,Lucknow,42.79,success
USER008,2026-04-05 19:17:42,PutObject,RDS_database,202.102.195.236,Ahmedabad,14.47,success
USER010,2026-05-31 01:40:20,LoginAttempt,RDS_database,198.15.228.217,Lucknow,49.94,success
USER008,2026-05-26 14:08:07,TerminateInstance,RDS_database,202.102.195.236,Ahmedabad,35.34,success
USER004,2026-03-20 12:13:29,GetObject,S3_bucket_prod,202.255.110.21,Chennai,4.29,success
USER010,2026-04-16 03:27:57,PutObject,IAM_role_admin,198.15.228.217,Lucknow,21.6,failed
USER010,2026-06-09 17:58:17,DescribeInstances,EC2_instance_01,198.15.228.217,Lucknow,16.94,failed
USER004,2026-04-05 20:44:12,LoginAttempt,RDS_database,202.255.110.21,Chennai,15.67,success
USER004,2026-04-10 11:20:52,GetObject,S3_bucket_prod,202.255.110.21,Chennai,39.81,success
USER010,2026-05-04 19:28:56,LoginAttempt,Lambda_function_01,198.15.228.217,Lucknow,40.92,failed
USER006,2026-04-08 18:10:33,GetObject,RDS_database,129.175.35.171,Pune,47.81,success
USER003,2026-05-12 08:02:56,GetObject,Lambda_function_01,1.210.227.95,Bangalore,3.01,success
USER001,2026-05-05 07:15:30,PutObject,S3_bucket_prod,129.153.128.30,Mumbai,6.47,success
USER004,2026-03-19 22:41:26,PutObject,EC2_instance_01,202.255.110.21,Chennai,20.31,success
USER003,2026-03-28 00:24:51,GetObject,S3_bucket_prod,1.210.227.95,Bangalore,24.99,success
USER004,2026-04-29 14:46:28,GetObject,Lambda_function_01,202.255.110.21,Chennai,16.8,success
USER003,2026-06-05 13:20:13,PutObject,EC2_instance_01,1.210.227.95,Bangalore,3.38,success
USER006,2026-06-06 09:09:36,GetObject,S3_bucket_prod,129.175.35.171,Pune,46.02,success
USER002,2026-06-06 01:09:06,ListBuckets,RDS_database,111.147.72.102,Delhi,28.89,success
USER007,2026-04-05 04:50:29,DescribeInstances,S3_bucket_prod,93.153.152.126,Kolkata,31.34,success
USER003,2026-06-03 17:17:15,DeleteObject,RDS_database,1.210.227.95,Bangalore,30.57,failed
USER003,2026-04-24 17:48:08,LoginAttempt,EC2_instance_01,1.210.227.95,Bangalore,30.44,success
USER006,2026-04-30 12:49:04,GetObject,IAM_role_admin,129.175.35.171,Pune,1.93,success
USER010,2026-04-15 18:42:18,PutObject,IAM_role_admin,198.15.228.217,Lucknow,44.61,success
USER010,2026-04-05 01:40:41,GetObject,IAM_role_admin,198.15.228.217,Lucknow,49.6,success
USER004,2026-04-29 05:59:34,GetObject,RDS_database,202.255.110.21,Chennai,44.97,success
USER003,2026-04-21 14:10:16,GetObject,RDS_database,1.210.227.95,Bangalore,15.44,success
USER007,2026-05-07 02:50:11,ListBuckets,S3_bucket_prod,93.153.152.126,Kolkata,12.33,success
USER009,2026-05-29 10:11:33,PutObject,IAM_role_admin,82.37.78.133,Jaipur,36.56,success
USER007,2026-05-14 06:45:43,PutObject,Lambda_function_01,93.153.152.126,Kolkata,26.21,success
USER003,2026-03-18 18:25:24,GetObject,IAM_role_admin,1.210.227.95,Bangalore,20.36,success
USER009,2026-06-03 03:57:15,GetObject,S3_bucket_prod,82.37.78.133,Jaipur,43.09,failed
USER002,2026-04-05 09:52:44,DescribeInstances,IAM_role_admin,111.147.72.102,Delhi,26.33,success
USER009,2026-04-18 14:46:56,GetObject,RDS_database,82.37.78.133,Jaipur,45.29,success
USER004,2026-05-31 21:00:12,LoginAttempt,RDS_database,202.255.110.21,Chennai,48.98,success
USER006,2026-03-17 20:53:37,PutObject,EC2_instance_01,129.175.35.171,Pune,30.83,success
USER009,2026-04-18 12:34:56,PutObject,S3_bucket_prod,82.37.78.133,Jaipur,19.48,success
USER006,2026-04-01 03:09:18,PutObject,IAM_role_admin,129.175.35.171,Pune,47.79,success
USER007,2026-04-01 02:28:45,DescribeInstances,EC2_instance_01,93.153.152.126,Kolkata,10.9,success
USER010,2026-04-09 07:28:27,GetObject,EC2_instance_01,198.15.228.217,Lucknow,24.59,failed
USER003,2026-04-06 16:53:06,GetObject,S3_bucket_prod,1.210.227.95,Bangalore,38.48,success
USER007,2026-04-10 16:54:06,TerminateInstance,Lambda_function_01,93.153.152.126,Kolkata,47.7,success
USER005,2026-04-20 08:13:33,GetObject,Lambda_function_01,175.27.105.158,Hyderabad,31.22,failed
USER002,2026-05-30 08:15:27,DescribeInstances,S3_bucket_prod,111.147.72.102,Delhi,29.63,success
USER004,2026-05-20 11:50:24,LoginAttempt,S3_bucket_prod,202.255.110.21,Chennai,11.13,failed
USER008,2026-05-23 02:53:43,GetObject,S3_bucket_prod,202.102.195.236,Ahmedabad,42.48,success
USER008,2026-05-12 12:11:14,LoginAttempt,S3_bucket_prod,202.102.195.236,Ahmedabad,43.85,success
USER001,2026-05-30 17:14:19,GetObject,EC2_instance_01,129.153.128.30,Mumbai,47.06,success
USER002,2026-03-15 17:16:29,ListBuckets,EC2_instance_01,111.147.72.102,Delhi,22.29,success
USER003,2026-05-02 01:57:05,CreateInstance,RDS_database,1.210.227.95,Bangalore,9.02,success
USER004,2026-06-09 09:52:01,GetObject,S3_bucket_prod,202.255.110.21,Chennai,16.76,success
USER002,2026-06-05 20:24:31,GetObject,RDS_database,111.147.72.102,Delhi,49.44,success
USER002,2026-05-27 17:50:09,DeleteObject,IAM_role_admin,111.147.72.102,Delhi,3.46,success
USER004,2026-04-14 16:37:03,LoginAttempt,IAM_role_admin,202.255.110.21,Chennai,11.39,failed
USER005,2026-05-01 13:45:00,TerminateInstance,EC2_instance_01,175.27.105.158,Hyderabad,4.04,failed
USER010,2026-04-09 04:09:47,PutObject,IAM_role_admin,198.15.228.217,Lucknow,46.17,success
USER005,2026-04-21 17:18:39,ListBuckets,S3_bucket_prod,175.27.105.158,Hyderabad,47.55,failed
USER001,2026-04-26 08:40:59,GetObject,Lambda_function_01,129.153.128.30,Mumbai,23.03,success
USER008,2026-05-21 17:27:31,LoginAttempt,S3_bucket_prod,202.102.195.236,Ahmedabad,47.43,success
USER001,2026-04-11 12:24:53,LoginAttempt,RDS_database,129.153.128.30,Mumbai,25.94,failed
USER007,2026-04-13 04:11:38,PutObject,IAM_role_admin,93.153.152.126,Kolkata,22.56,success
USER010,2026-04-20 03:40:07,LoginAttempt,IAM_role_admin,198.15.228.217,Lucknow,1.97,success
USER007,2026-05-26 04:09:46,DescribeInstances,IAM_role_admin,93.153.152.126,Kolkata,33.72,success
USER004,2026-04-06 17:08:16,LoginAttempt,EC2_instance_01,202.255.110.21,Chennai,45.61,success
USER002,2026-06-09 14:46:57,ListBuckets,IAM_role_admin,111.147.72.102,Delhi,31.65,success
USER002,2026-04-06 14:23:26,GetObject,IAM_role_admin,111.147.72.102,Delhi,20.6,success
USER004,2026-06-09 15:10:56,DescribeInstances,EC2_instance_01,202.255.110.21,Chennai,27.68,success
USER008,2026-04-12 18:20:48,DeleteObject,EC2_instance_01,202.102.195.236,Ahmedabad,46.27,success
USER007,2026-06-07 20:01:44,LoginAttempt,EC2_instance_01,93.153.152.126,Kolkata,24.55,success
USER009,2026-05-22 15:38:38,GetObject,EC2_instance_01,82.37.78.133,Jaipur,29.71,success
USER010,2026-04-09 10:17:51,GetObject,EC2_instance_01,198.15.228.217,Lucknow,17.47,success
USER008,2026-03-15 10:08:41,GetObject,IAM_role_admin,202.102.195.236,Ahmedabad,20.11,failed
USER003,2026-04-09 09:01:25,ListBuckets,Lambda_function_01,1.210.227.95,Bangalore,49.06,success
USER008,2026-06-06 05:47:14,DescribeInstances,EC2_instance_01,202.102.195.236,Ahmedabad,33.51,success
USER006,2026-05-17 18:09:25,ListBuckets,EC2_instance_01,129.175.35.171,Pune,34.62,success
USER008,2026-04-29 07:59:01,GetObject,RDS_database,202.102.195.236,Ahmedabad,36.66,failed
USER004,2026-04-12 11:10:25,GetObject,EC2_instance_01,202.255.110.21,Chennai,18.31,success
USER005,2026-05-14 19:49:56,PutObject,RDS_database,175.27.105.158,Hyderabad,37.69,failed
USER010,2026-03-30 13:16:08,DescribeInstances,Lambda_function_01,198.15.228.217,Lucknow,8.52,success
USER002,2026-03-23 05:03:13,PutObject,S3_bucket_prod,111.147.72.102,Delhi,38.96,success
USER009,2026-04-14 16:20:10,GetObject,S3_bucket_prod,82.37.78.133,Jaipur,41.33,success
USER006,2026-05-31 07:05:25,LoginAttempt,EC2_instance_01,129.175.35.171,Pune,13.62,success
USER008,2026-04-02 14:42:27,PutObject,RDS_database,202.102.195.236,Ahmedabad,11.21,success
USER009,2026-04-03 21:05:20,GetObject,S3_bucket_prod,82.37.78.133,Jaipur,41.33,success
USER010,2026-05-16 23:59:39,PutObject,Lambda_function_01,198.15.228.217,Lucknow,43.88,failed
USER006,2026-04-19 13:11:37,LoginAttempt,EC2_instance_01,129.175.35.171,Pune,15.17,success
USER006,2026-03-15 14:23:49,LoginAttempt,RDS_database,129.175.35.171,Pune,3.42,success
USER006,2026-03-17 15:15:17,LoginAttempt,RDS_database,129.175.35.171,Pune,41.5,success
USER006,2026-03-29 12:07:31,PutObject,RDS_database,129.175.35.171,Pune,34.16,success
USER008,2026-05-04 00:12:35,ListBuckets,Lambda_function_01,202.102.195.236,Ahmedabad,9.43,success
USER007,2026-03-23 10:49:28,DeleteObject,RDS_database,93.153.152.126,Kolkata,11.54,success
USER008,2026-03-20 11:40:01,GetObject,EC2_instance_01,202.102.195.236,Ahmedabad,11.14,success
USER006,2026-04-30 01:39:51,PutObject,EC2_instance_01,129.175.35.171,Pune,3.71,success
USER006,2026-04-16 20:36:25,DescribeInstances,EC2_instance_01,129.175.35.171,Pune,46.55,success
USER003,2026-05-21 01:27:37,GetObject,S3_bucket_prod,1.210.227.95,Bangalore,1387.02,success
USER005,2026-05-30 09:59:26,PutObject,S3_bucket_prod,175.27.105.158,Hyderabad,16.87,failed
USER004,2026-03-22 15:55:10,CreateInstance,EC2_instance_01,202.255.110.21,Chennai,25.19,failed
USER010,2026-04-28 18:23:47,GetObject,RDS_database,198.15.228.217,Lucknow,16.73,success
USER005,2026-06-11 08:01:35,PutObject,IAM_role_admin,175.27.105.158,Hyderabad,22.14,success
USER010,2026-04-20 18:55:43,PutObject,EC2_instance_01,198.15.228.217,Lucknow,23.1,success
USER002,2026-04-18 13:21:33,PutObject,Lambda_function_01,111.147.72.102,Delhi,19.55,success
USER009,2026-04-15 14:43:58,GetObject,EC2_instance_01,82.37.78.133,Jaipur,28.57,success
USER004,2026-05-01 10:58:55,ListBuckets,S3_bucket_prod,202.255.110.21,Chennai,3.58,failed
USER007,2026-05-14 04:23:06,ListBuckets,Lambda_function_01,93.153.152.126,Kolkata,1.23,success
USER005,2026-06-07 16:04:01,LoginAttempt,S3_bucket_prod,175.27.105.158,Hyderabad,25.32,success
USER004,2026-05-30 05:47:56,DescribeInstances,EC2_instance_01,202.255.110.21,Chennai,19.28,success
USER004,2026-03-20 10:26:46,PutObject,EC2_instance_01,202.255.110.21,Chennai,48.31,failed
USER008,2026-05-02 18:11:55,DescribeInstances,RDS_database,202.102.195.236,Ahmedabad,19.35,success
USER008,2026-04-19 18:14:33,TerminateInstance,IAM_role_admin,202.102.195.236,Ahmedabad,21.82,success
USER001,2026-05-08 08:07:52,DescribeInstances,IAM_role_admin,129.153.128.30,Mumbai,14.94,success
USER010,2026-05-19 22:56:31,PutObject,RDS_database,198.15.228.217,Lucknow,9.01,success
USER003,2026-05-16 18:37:08,PutObject,S3_bucket_prod,1.210.227.95,Bangalore,26.59,success
USER005,2026-04-24 08:29:20,GetObject,RDS_database,175.27.105.158,Hyderabad,20.84,success
USER006,2026-06-08 10:04:34,DescribeInstances,IAM_role_admin,129.175.35.171,Pune,32.08,success
USER006,2026-03-27 04:12:32,TerminateInstance,RDS_database,129.175.35.171,Pune,2.98,success
USER006,2026-06-09 14:54:23,DeleteObject,S3_bucket_prod,129.175.35.171,Pune,42.04,success
USER002,2026-04-09 07:56:09,ListBuckets,S3_bucket_prod,111.147.72.102,Delhi,28.8,success
USER002,2026-06-05 20:03:10,PutObject,Lambda_function_01,111.147.72.102,Delhi,10.28,success
USER004,2026-04-01 23:40:52,LoginAttempt,RDS_database,202.255.110.21,Chennai,48.82,success
USER007,2026-05-28 04:56:37,LoginAttempt,S3_bucket_prod,93.153.152.126,Kolkata,27.74,success
USER008,2026-06-09 19:26:42,PutObject,RDS_database,202.102.195.236,Ahmedabad,19.93,success
USER008,2026-04-25 08:05:43,LoginAttempt,S3_bucket_prod,202.102.195.236,Ahmedabad,22.86,failed
USER006,2026-05-29 06:18:09,GetObject,EC2_instance_01,129.175.35.171,Pune,11.72,success
USER009,2026-06-10 19:58:02,GetObject,EC2_instance_01,82.37.78.133,Jaipur,8.53,success
USER003,2026-03-28 09:21:54,ListBuckets,IAM_role_admin,1.210.227.95,Bangalore,10.89,success
USER008,2026-05-10 16:51:37,PutObject,Lambda_function_01,202.102.195.236,Ahmedabad,5.44,success
USER003,2026-04-20 13:50:22,LoginAttempt,S3_bucket_prod,1.210.227.95,Bangalore,9.96,success
USER008,2026-05-02 09:40:09,GetObject,RDS_database,202.102.195.236,Ahmedabad,36.37,success
USER009,2026-05-18 20:49:06,PutObject,RDS_database,82.37.78.133,Jaipur,25.9,success
USER009,2026-04-30 08:29:30,PutObject,RDS_database,185.220.4.123,Russia,4.27,success
USER005,2026-04-05 10:36:03,TerminateInstance,S3_bucket_prod,175.27.105.158,Hyderabad,44.94,success
USER006,2026-04-26 22:49:43,LoginAttempt,IAM_role_admin,129.175.35.171,Pune,21.98,success
USER007,2026-04-01 18:46:37,PutObject,RDS_database,93.153.152.126,Kolkata,33.92,failed
USER005,2026-05-13 15:25:37,ListBuckets,Lambda_function_01,175.27.105.158,Hyderabad,37.09,success
USER009,2026-05-01 10:20:07,GetObject,EC2_instance_01,82.37.78.133,Jaipur,37.62,success
USER001,2026-05-10 14:06:05,GetObject,Lambda_function_01,129.153.128.30,Mumbai,10.69,success
USER006,2026-04-13 14:43:45,LoginAttempt,Lambda_function_01,129.175.35.171,Pune,18.53,success
USER008,2026-03-30 03:16:14,GetObject,EC2_instance_01,202.102.195.236,Ahmedabad,27.96,success
USER009,2026-03-28 07:14:46,LoginAttempt,S3_bucket_prod,82.37.78.133,Jaipur,22.96,success
USER010,2026-05-27 11:21:10,PutObject,S3_bucket_prod,198.15.228.217,Lucknow,20.21,success
USER007,2026-06-04 16:10:18,GetObject,EC2_instance_01,93.153.152.126,Kolkata,22.5,success
USER008,2026-03-26 19:14:32,DeleteObject,IAM_role_admin,202.102.195.236,Ahmedabad,25.4,success
USER002,2026-03-17 19:28:36,DescribeInstances,Lambda_function_01,111.147.72.102,Delhi,39.78,success
USER006,2026-06-04 21:00:34,PutObject,RDS_database,129.175.35.171,Pune,20.96,success
USER002,2026-05-22 14:59:06,GetObject,S3_bucket_prod,111.147.72.102,Delhi,42.54,failed
USER009,2026-05-25 08:53:09,PutObject,EC2_instance_01,82.37.78.133,Jaipur,14.14,success
USER001,2026-05-10 20:59:33,GetObject,EC2_instance_01,129.153.128.30,Mumbai,10.56,success
USER004,2026-03-30 17:24:03,LoginAttempt,Lambda_function_01,202.255.110.21,Chennai,10.4,success
USER005,2026-04-04 18:55:54,GetObject,EC2_instance_01,175.27.105.158,Hyderabad,40.91,success
USER005,2026-05-14 11:57:33,PutObject,EC2_instance_01,175.27.105.158,Hyderabad,22.19,success
USER005,2026-05-23 17:34:22,DescribeInstances,Lambda_function_01,175.27.105.158,Hyderabad,1.21,success
USER001,2026-04-03 19:02:12,ListBuckets,EC2_instance_01,129.153.128.30,Mumbai,40.69,success
USER002,2026-03-27 12:09:22,GetObject,S3_bucket_prod,111.147.72.102,Delhi,21.09,success
USER009,2026-04-01 14:38:44,TerminateInstance,IAM_role_admin,1.180.254.36,China,21.18,success
USER002,2026-04-05 19:59:43,LoginAttempt,Lambda_function_01,111.147.72.102,Delhi,23.94,success
USER007,2026-03-23 04:11:24,GetObject,RDS_database,93.153.152.126,Kolkata,40.01,failed
USER001,2026-05-02 18:36:16,GetObject,EC2_instance_01,129.153.128.30,Mumbai,47.25,success
USER007,2026-03-27 03:13:24,PutObject,Lambda_function_01,93.153.152.126,Kolkata,2.72,success
USER010,2026-05-24 15:09:12,DeleteObject,IAM_role_admin,198.15.228.217,Lucknow,42.57,success
USER009,2026-05-30 22:52:32,ListBuckets,EC2_instance_01,82.37.78.133,Jaipur,38.24,success
USER009,2026-03-25 17:06:43,PutObject,S3_bucket_prod,82.37.78.133,Jaipur,26.85,success
USER006,2026-06-01 09:44:37,GetObject,EC2_instance_01,129.175.35.171,Pune,12.68,success
USER005,2026-05-14 14:51:23,LoginAttempt,Lambda_function_01,175.27.105.158,Hyderabad,13.09,success
USER005,2026-06-05 10:31:47,LoginAttempt,S3_bucket_prod,175.27.105.158,Hyderabad,48.07,success
USER003,2026-05-27 19:23:21,ListBuckets,IAM_role_admin,1.210.227.95,Bangalore,49.34,success
USER006,2026-04-26 15:52:05,LoginAttempt,EC2_instance_01,129.175.35.171,Pune,19.76,failed
USER003,2026-04-27 19:14:46,PutObject,EC2_instance_01,1.210.227.95,Bangalore,33.27,success
USER007,2026-05-08 19:01:27,LoginAttempt,EC2_instance_01,93.153.152.126,Kolkata,28.61,success
USER001,2026-04-26 07:49:51,GetObject,Lambda_function_01,129.153.128.30,Mumbai,47.31,success
USER007,2026-04-19 02:44:32,DescribeInstances,EC2_instance_01,93.153.152.126,Kolkata,37.56,success
USER005,2026-04-10 10:24:46,GetObject,IAM_role_admin,175.27.105.158,Hyderabad,2.33,failed
USER003,2026-04-04 08:38:22,ListBuckets,IAM_role_admin,1.210.227.95,Bangalore,24.33,success
USER005,2026-03-20 15:01:53,DescribeInstances,S3_bucket_prod,175.27.105.158,Hyderabad,29.35,success
USER003,2026-04-15 09:54:40,PutObject,Lambda_function_01,1.210.227.95,Bangalore,9.29,success
USER005,2026-03-26 00:22:04,TerminateInstance,S3_bucket_prod,175.27.105.158,Hyderabad,7.49,success
USER005,2026-03-21 08:46:02,DescribeInstances,IAM_role_admin,175.27.105.158,Hyderabad,32.28,success
USER001,2026-06-07 16:42:20,PutObject,S3_bucket_prod,129.153.128.30,Mumbai,40.03,success
USER008,2026-03-30 17:14:47,PutObject,Lambda_function_01,202.102.195.236,Ahmedabad,34.62,success
USER002,2026-06-02 08:12:18,GetObject,RDS_database,111.147.72.102,Delhi,45.58,success
USER009,2026-05-16 10:17:20,ListBuckets,RDS_database,82.37.78.133,Jaipur,30.91,success
USER010,2026-06-06 08:37:40,LoginAttempt,IAM_role_admin,198.15.228.217,Lucknow,22.9,success
USER008,2026-03-21 23:13:19,LoginAttempt,RDS_database,202.102.195.236,Ahmedabad,12.62,success
USER009,2026-04-25 14:57:28,PutObject,S3_bucket_prod,82.37.78.133,Jaipur,46.47,success
USER008,2026-05-09 15:36:59,GetObject,IAM_role_admin,202.102.195.236,Ahmedabad,26.27,success
USER007,2026-04-30 19:20:29,PutObject,Lambda_function_01,93.153.152.126,Kolkata,23.08,success
USER004,2026-06-09 09:05:35,PutObject,S3_bucket_prod,202.255.110.21,Chennai,38.69,success
USER008,2026-05-17 07:58:09,DeleteObject,Lambda_function_01,202.102.195.236,Ahmedabad,31.71,success
USER005,2026-03-30 11:24:17,GetObject,IAM_role_admin,175.27.105.158,Hyderabad,45.38,success
USER006,2026-03-29 17:21:59,GetObject,IAM_role_admin,129.175.35.171,Pune,13.27,success
USER007,2026-04-09 13:34:45,TerminateInstance,Lambda_function_01,93.153.152.126,Kolkata,26.81,success
USER003,2026-05-18 19:19:12,ListBuckets,IAM_role_admin,1.210.227.95,Bangalore,15.86,success
USER006,2026-05-28 13:59:55,LoginAttempt,Lambda_function_01,129.175.35.171,Pune,14.19,success
USER008,2026-05-11 14:10:30,ListBuckets,RDS_database,202.102.195.236,Ahmedabad,37.71,success
USER001,2026-04-20 14:07:25,DescribeInstances,S3_bucket_prod,129.153.128.30,Mumbai,22.87,success
USER009,2026-03-24 17:10:01,PutObject,S3_bucket_prod,82.37.78.133,Jaipur,33.14,success
USER001,2026-03-30 00:03:55,GetObject,RDS_database,129.153.128.30,Mumbai,42.59,success
USER005,2026-04-30 15:40:26,GetObject,RDS_database,175.27.105.158,Hyderabad,44.76,success
USER005,2026-05-26 15:54:20,GetObject,RDS_database,175.27.105.158,Hyderabad,10.94,success
USER002,2026-03-27 17:57:57,PutObject,RDS_database,111.147.72.102,Delhi,24.38,success
USER008,2026-04-11 17:02:06,LoginAttempt,EC2_instance_01,202.102.195.236,Ahmedabad,1.9,success
USER002,2026-05-02 16:37:46,DescribeInstances,EC2_instance_01,111.147.72.102,Delhi,6.04,success
USER003,2026-05-18 16:14:10,GetObject,S3_bucket_prod,1.210.227.95,Bangalore,23.29,success
USER003,2026-03-22 09:34:55,GetObject,IAM_role_admin,1.210.227.95,Bangalore,1.88,failed
USER006,2026-06-06 14:00:52,CreateInstance,IAM_role_admin,129.175.35.171,Pune,45.39,failed
USER004,2026-04-01 05:04:50,ListBuckets,Lambda_function_01,202.255.110.21,Chennai,21.45,success
USER008,2026-05-09 16:44:42,LoginAttempt,S3_bucket_prod,202.102.195.236,Ahmedabad,42.6,success
USER010,2026-05-19 14:55:58,LoginAttempt,S3_bucket_prod,198.15.228.217,Lucknow,9.57,success
USER003,2026-04-17 15:56:31,GetObject,IAM_role_admin,1.210.227.95,Bangalore,43.12,success
USER006,2026-04-01 18:35:37,DeleteObject,S3_bucket_prod,129.175.35.171,Pune,34.95,failed
USER001,2026-04-07 13:05:40,PutObject,IAM_role_admin,129.153.128.30,Mumbai,4.49,success
USER006,2026-05-21 17:30:20,DescribeInstances,IAM_role_admin,129.175.35.171,Pune,42.29,success
USER002,2026-04-30 10:39:11,DescribeInstances,S3_bucket_prod,111.147.72.102,Delhi,24.97,success
USER009,2026-04-08 09:07:02,GetObject,RDS_database,82.37.78.133,Jaipur,22.61,success
USER005,2026-03-27 10:16:25,ListBuckets,S3_bucket_prod,175.27.105.158,Hyderabad,19.31,success
USER005,2026-05-22 01:27:14,PutObject,EC2_instance_01,175.27.105.158,Hyderabad,40.7,success
USER009,2026-04-19 09:35:08,ListBuckets,S3_bucket_prod,82.37.78.133,Jaipur,17.9,success
USER001,2026-05-20 08:50:56,GetObject,Lambda_function_01,129.153.128.30,Mumbai,38.43,success
USER008,2026-05-08 14:37:16,TerminateInstance,Lambda_function_01,202.102.195.236,Ahmedabad,3.07,success
USER010,2026-06-09 05:47:20,TerminateInstance,S3_bucket_prod,198.15.228.217,Lucknow,23.17,success
USER010,2026-03-16 07:28:09,PutObject,Lambda_function_01,198.15.228.217,Lucknow,7.42,success
USER001,2026-05-19 20:47:30,GetObject,RDS_database,129.153.128.30,Mumbai,46.58,success
USER002,2026-04-22 20:15:52,DescribeInstances,RDS_database,111.147.72.102,Delhi,22.96,success
USER005,2026-04-21 18:19:31,CreateInstance,EC2_instance_01,175.27.105.158,Hyderabad,15.77,success
USER009,2026-03-31 14:12:42,GetObject,IAM_role_admin,1.180.71.82,China,34.07,success
USER004,2026-04-29 11:18:43,PutObject,IAM_role_admin,202.255.110.21,Chennai,42.78,success
USER002,2026-04-16 07:54:25,GetObject,EC2_instance_01,111.147.72.102,Delhi,25.24,success
USER006,2026-06-08 10:20:07,DescribeInstances,Lambda_function_01,129.175.35.171,Pune,30.72,success
USER008,2026-06-07 16:59:29,GetObject,EC2_instance_01,202.102.195.236,Ahmedabad,26.44,success
USER004,2026-05-24 09:20:00,DeleteObject,IAM_role_admin,202.255.110.21,Chennai,2.94,success
USER008,2026-04-07 11:16:49,GetObject,S3_bucket_prod,202.102.195.236,Ahmedabad,10.45,success
USER010,2026-04-21 12:20:19,GetObject,IAM_role_admin,198.15.228.217,Lucknow,10.9,success
USER003,2026-03-17 11:55:02,ListBuckets,RDS_database,1.210.227.95,Bangalore,16.41,success
USER002,2026-03-21 17:28:53,PutObject,S3_bucket_prod,111.147.72.102,Delhi,40.51,success
USER006,2026-05-23 13:05:55,LoginAttempt,Lambda_function_01,129.175.35.171,Pune,5.57,success
USER007,2026-03-27 01:40:46,LoginAttempt,Lambda_function_01,93.153.152.126,Kolkata,42.99,success
USER008,2026-05-08 20:24:51,PutObject,S3_bucket_prod,202.102.195.236,Ahmedabad,14.0,success
USER002,2026-05-30 12:11:16,DescribeInstances,Lambda_function_01,111.147.72.102,Delhi,17.06,success
USER009,2026-04-22 13:15:22,GetObject,RDS_database,1.180.226.114,China,18.24,success
USER004,2026-05-03 12:57:15,CreateInstance,S3_bucket_prod,202.255.110.21,Chennai,48.41,success
USER010,2026-05-24 23:31:33,DescribeInstances,S3_bucket_prod,198.15.228.217,Lucknow,29.62,success
USER005,2026-03-29 23:21:33,LoginAttempt,EC2_instance_01,175.27.105.158,Hyderabad,30.29,success
USER009,2026-03-20 05:30:17,LoginAttempt,EC2_instance_01,82.37.78.133,Jaipur,6.82,failed
USER010,2026-04-07 19:15:19,ListBuckets,EC2_instance_01,198.15.228.217,Lucknow,22.69,success
USER004,2026-05-18 21:59:45,DescribeInstances,RDS_database,202.255.110.21,Chennai,24.64,failed
USER010,2026-06-05 00:35:55,DeleteObject,EC2_instance_01,198.15.228.217,Lucknow,18.4,success
USER010,2026-04-12 11:11:33,GetObject,Lambda_function_01,198.15.228.217,Lucknow,35.56,success
USER002,2026-05-07 07:06:20,LoginAttempt,RDS_database,111.147.72.102,Delhi,47.54,success
USER010,2026-03-23 13:08:51,PutObject,EC2_instance_01,198.15.228.217,Lucknow,27.32,success
USER007,2026-05-29 02:28:22,GetObject,IAM_role_admin,93.153.152.126,Kolkata,10.65,success
USER004,2026-04-18 11:23:14,ListBuckets,EC2_instance_01,202.255.110.21,Chennai,38.82,success
USER006,2026-04-10 15:17:31,DeleteObject,Lambda_function_01,129.175.35.171,Pune,3.88,success
USER006,2026-05-25 14:59:48,GetObject,RDS_database,129.175.35.171,Pune,28.54,success
USER007,2026-05-17 16:01:30,LoginAttempt,Lambda_function_01,93.153.152.126,Kolkata,31.82,success
USER007,2026-06-01 04:45:35,DescribeInstances,Lambda_function_01,93.153.152.126,Kolkata,2.79,success
USER009,2026-05-17 10:45:38,PutObject,S3_bucket_prod,82.37.78.133,Jaipur,17.61,success
USER007,2026-03-31 04:12:41,DescribeInstances,S3_bucket_prod,93.153.152.126,Kolkata,38.45,success
USER002,2026-04-08 11:09:42,ListBuckets,EC2_instance_01,111.147.72.102,Delhi,15.66,success
USER008,2026-04-11 15:02:53,LoginAttempt,S3_bucket_prod,202.102.195.236,Ahmedabad,47.49,success
USER010,2026-04-02 13:52:26,PutObject,IAM_role_admin,198.15.228.217,Lucknow,22.13,success
USER005,2026-04-30 15:59:49,PutObject,S3_bucket_prod,175.27.105.158,Hyderabad,9.85,success
USER005,2026-03-28 11:06:45,PutObject,IAM_role_admin,175.27.105.158,Hyderabad,2.6,success
USER001,2026-06-05 17:04:17,TerminateInstance,EC2_instance_01,129.153.128.30,Mumbai,11.24,success
USER008,2026-03-26 15:49:34,PutObject,EC2_instance_01,202.102.195.236,Ahmedabad,7.79,success
USER006,2026-05-28 09:52:49,ListBuckets,EC2_instance_01,129.175.35.171,Pune,4.39,success
USER008,2026-05-16 07:56:17,LoginAttempt,S3_bucket_prod,202.102.195.236,Ahmedabad,43.26,success
USER006,2026-03-20 03:01:53,DescribeInstances,S3_bucket_prod,129.175.35.171,Pune,12.5,success
USER004,2026-05-23 12:53:29,ListBuckets,Lambda_function_01,202.255.110.21,Chennai,8.36,success
USER005,2026-06-12 02:28:05,LoginAttempt,Lambda_function_01,175.27.105.158,Hyderabad,34.58,success
USER005,2026-05-28 12:20:31,PutObject,RDS_database,175.27.105.158,Hyderabad,15.97,success
USER007,2026-04-13 18:21:02,DescribeInstances,S3_bucket_prod,93.153.152.126,Kolkata,30.5,success
USER004,2026-04-24 16:05:14,GetObject,RDS_database,202.255.110.21,Chennai,3.32,success
USER003,2026-03-15 10:02:20,GetObject,IAM_role_admin,1.210.227.95,Bangalore,30.01,success
USER001,2026-05-29 03:18:35,TerminateInstance,Lambda_function_01,129.153.128.30,Mumbai,10.29,success
USER004,2026-04-07 15:35:13,LoginAttempt,IAM_role_admin,202.255.110.21,Chennai,44.73,success
USER001,2026-04-02 10:44:17,PutObject,RDS_database,129.153.128.30,Mumbai,34.41,failed
USER009,2026-06-06 09:32:55,GetObject,RDS_database,82.37.78.133,Jaipur,12.6,success
USER005,2026-03-27 07:45:07,GetObject,IAM_role_admin,175.27.105.158,Hyderabad,5.75,failed
USER007,2026-05-22 19:43:06,LoginAttempt,S3_bucket_prod,93.153.152.126,Kolkata,31.95,success
USER010,2026-03-20 18:52:35,PutObject,Lambda_function_01,198.15.228.217,Lucknow,47.89,success
USER002,2026-05-16 12:26:40,TerminateInstance,IAM_role_admin,111.147.72.102,Delhi,8.86,success
USER001,2026-05-16 14:50:34,GetObject,RDS_database,129.153.128.30,Mumbai,29.57,success
USER009,2026-04-20 15:43:11,LoginAttempt,IAM_role_admin,185.220.57.78,Russia,31.61,success
USER002,2026-03-17 06:06:16,ListBuckets,Lambda_function_01,111.147.72.102,Delhi,34.27,success
USER009,2026-06-01 09:13:00,DescribeInstances,IAM_role_admin,82.37.78.133,Jaipur,30.08,success
USER009,2026-04-10 11:50:51,LoginAttempt,EC2_instance_01,82.37.78.133,Jaipur,19.04,success
USER001,2026-04-30 03:11:09,DeleteObject,EC2_instance_01,129.153.128.30,Mumbai,25.75,success
USER002,2026-06-08 08:02:48,PutObject,Lambda_function_01,111.147.72.102,Delhi,40.33,success
USER001,2026-05-23 19:57:11,GetObject,RDS_database,129.153.128.30,Mumbai,46.24,success
USER007,2026-05-12 11:59:33,GetObject,IAM_role_admin,93.153.152.126,Kolkata,25.43,success
USER002,2026-05-27 17:57:29,GetObject,Lambda_function_01,111.147.72.102,Delhi,3.61,failed
USER007,2026-05-13 03:03:31,ListBuckets,Lambda_function_01,93.153.152.126,Kolkata,21.57,success
USER006,2026-04-25 21:13:19,GetObject,Lambda_function_01,129.175.35.171,Pune,12.11,success
USER008,2026-06-12 10:23:33,PutObject,IAM_role_admin,202.102.195.236,Ahmedabad,45.7,success
USER001,2026-05-10 07:54:56,ListBuckets,Lambda_function_01,129.153.128.30,Mumbai,31.39,success
USER004,2026-04-30 06:02:57,ListBuckets,S3_bucket_prod,202.255.110.21,Chennai,19.49,success
USER003,2026-05-24 11:30:00,PutObject,RDS_database,1.210.227.95,Bangalore,13.24,success
USER003,2026-06-02 12:26:10,PutObject,Lambda_function_01,1.210.227.95,Bangalore,27.62,success
USER005,2026-04-10 17:57:19,LoginAttempt,EC2_instance_01,175.27.105.158,Hyderabad,2.23,success
USER003,2026-04-06 04:48:37,LoginAttempt,S3_bucket_prod,1.210.227.95,Bangalore,26.31,success
USER002,2026-05-21 13:02:43,LoginAttempt,S3_bucket_prod,111.147.72.102,Delhi,49.78,success
USER007,2026-05-13 12:38:45,DescribeInstances,EC2_instance_01,93.153.152.126,Kolkata,31.38,success
USER007,2026-05-03 01:51:55,DeleteObject,S3_bucket_prod,93.153.152.126,Kolkata,2.27,success
USER002,2026-04-15 08:21:00,PutObject,Lambda_function_01,111.147.72.102,Delhi,9.13,success
USER009,2026-04-14 18:46:38,LoginAttempt,Lambda_function_01,82.37.78.133,Jaipur,7.1,success
USER007,2026-05-19 19:29:05,PutObject,Lambda_function_01,93.153.152.126,Kolkata,47.58,success
USER001,2026-06-07 14:27:42,GetObject,IAM_role_admin,129.153.128.30,Mumbai,8.06,success
USER009,2026-05-26 10:03:21,DescribeInstances,Lambda_function_01,82.37.78.133,Jaipur,25.15,success
USER005,2026-05-27 08:29:17,DescribeInstances,S3_bucket_prod,175.27.105.158,Hyderabad,41.33,failed
USER003,2026-04-15 19:21:13,DeleteObject,Lambda_function_01,1.210.227.95,Bangalore,1256.68,success
USER009,2026-05-05 07:17:40,GetObject,EC2_instance_01,82.37.78.133,Jaipur,25.33,success
USER010,2026-05-02 15:11:25,PutObject,IAM_role_admin,198.15.228.217,Lucknow,41.32,success
USER001,2026-04-02 18:45:59,DescribeInstances,RDS_database,129.153.128.30,Mumbai,15.26,success
USER005,2026-04-14 17:00:39,DescribeInstances,S3_bucket_prod,175.27.105.158,Hyderabad,21.59,success
USER009,2026-06-12 07:27:54,PutObject,Lambda_function_01,82.37.78.133,Jaipur,28.71,success
USER006,2026-05-22 10:41:23,PutObject,RDS_database,129.175.35.171,Pune,25.09,success
USER007,2026-04-06 08:53:36,ListBuckets,S3_bucket_prod,93.153.152.126,Kolkata,23.9,success
USER010,2026-05-05 13:29:28,ListBuckets,EC2_instance_01,198.15.228.217,Lucknow,24.14,success
USER008,2026-04-29 07:20:39,DescribeInstances,Lambda_function_01,202.102.195.236,Ahmedabad,8.52,success
USER001,2026-05-13 10:21:14,LoginAttempt,S3_bucket_prod,129.153.128.30,Mumbai,26.05,failed
USER008,2026-04-06 07:52:14,DescribeInstances,Lambda_function_01,202.102.195.236,Ahmedabad,9.13,success
USER004,2026-05-02 07:56:52,LoginAttempt,IAM_role_admin,202.255.110.21,Chennai,20.01,success
USER001,2026-05-01 07:28:30,GetObject,Lambda_function_01,129.153.128.30,Mumbai,9.35,success
USER004,2026-05-26 20:18:14,GetObject,S3_bucket_prod,202.255.110.21,Chennai,12.09,success
USER008,2026-05-31 12:00:25,ListBuckets,RDS_database,202.102.195.236,Ahmedabad,40.56,success
USER008,2026-05-14 12:15:44,LoginAttempt,EC2_instance_01,202.102.195.236,Ahmedabad,20.28,success
USER005,2026-03-27 21:17:11,PutObject,RDS_database,175.27.105.158,Hyderabad,14.33,success
USER001,2026-05-25 09:15:42,ListBuckets,Lambda_function_01,129.153.128.30,Mumbai,42.38,success
USER002,2026-03-23 19:21:28,GetObject,IAM_role_admin,111.147.72.102,Delhi,10.15,success
USER009,2026-06-12 07:02:43,DescribeInstances,S3_bucket_prod,82.37.78.133,Jaipur,44.22,success
USER009,2026-03-22 14:41:31,ListBuckets,IAM_role_admin,82.37.78.133,Jaipur,32.99,failed
USER009,2026-05-09 08:01:04,DeleteObject,RDS_database,185.220.144.213,Russia,34.09,success
USER007,2026-04-24 17:59:17,LoginAttempt,S3_bucket_prod,93.153.152.126,Kolkata,44.48,success
USER006,2026-04-03 17:39:38,ListBuckets,S3_bucket_prod,129.175.35.171,Pune,7.63,success
USER008,2026-04-07 00:38:13,GetObject,EC2_instance_01,202.102.195.236,Ahmedabad,34.9,success
USER002,2026-05-18 14:27:23,DescribeInstances,IAM_role_admin,111.147.72.102,Delhi,37.25,failed
USER010,2026-03-21 08:34:31,PutObject,IAM_role_admin,198.15.228.217,Lucknow,34.29,success
USER008,2026-04-14 20:36:03,ListBuckets,IAM_role_admin,202.102.195.236,Ahmedabad,12.99,success
USER010,2026-03-25 18:11:54,GetObject,S3_bucket_prod,198.15.228.217,Lucknow,43.79,success
USER003,2026-04-21 00:28:33,GetObject,IAM_role_admin,1.210.227.95,Bangalore,22.3,failed
USER004,2026-05-07 16:40:36,CreateInstance,S3_bucket_prod,202.255.110.21,Chennai,49.06,success
USER007,2026-03-20 10:14:13,DescribeInstances,RDS_database,93.153.152.126,Kolkata,11.88,success
USER003,2026-05-20 09:49:45,ListBuckets,IAM_role_admin,1.210.227.95,Bangalore,32.84,success
USER007,2026-05-01 04:36:02,LoginAttempt,EC2_instance_01,93.153.152.126,Kolkata,22.47,success
USER003,2026-04-22 12:35:53,GetObject,EC2_instance_01,1.210.227.95,Bangalore,38.61,success
USER002,2026-05-10 12:18:48,PutObject,RDS_database,111.147.72.102,Delhi,47.04,success
USER004,2026-05-22 09:44:00,PutObject,RDS_database,202.255.110.21,Chennai,26.74,success
USER006,2026-05-01 08:50:07,PutObject,IAM_role_admin,129.175.35.171,Pune,46.6,success
USER009,2026-05-04 19:27:01,GetObject,S3_bucket_prod,82.37.78.133,Jaipur,6.81,success
USER005,2026-03-25 10:19:31,GetObject,S3_bucket_prod,175.27.105.158,Hyderabad,5.58,success
USER002,2026-03-29 13:32:19,GetObject,EC2_instance_01,111.147.72.102,Delhi,47.13,success
USER005,2026-05-17 01:53:58,ListBuckets,IAM_role_admin,175.27.105.158,Hyderabad,49.35,success
USER003,2026-05-08 12:12:52,PutObject,IAM_role_admin,1.210.227.95,Bangalore,19.81,failed
USER003,2026-04-11 09:28:22,ListBuckets,EC2_instance_01,1.210.227.95,Bangalore,3.82,failed
USER007,2026-06-10 08:34:36,GetObject,IAM_role_admin,93.153.152.126,Kolkata,27.14,success
USER009,2026-03-25 13:49:14,DescribeInstances,Lambda_function_01,82.37.78.133,Jaipur,35.73,failed
USER006,2026-03-18 22:09:07,GetObject,IAM_role_admin,129.175.35.171,Pune,29.9,success
USER007,2026-04-21 03:28:21,LoginAttempt,RDS_database,93.153.152.126,Kolkata,11.17,success
USER010,2026-05-07 19:40:47,PutObject,RDS_database,198.15.228.217,Lucknow,5.21,success
USER004,2026-05-13 07:50:13,DescribeInstances,Lambda_function_01,202.255.110.21,Chennai,14.9,success
USER002,2026-03-30 14:47:01,DescribeInstances,Lambda_function_01,111.147.72.102,Delhi,8.53,success
USER010,2026-03-31 09:47:31,PutObject,IAM_role_admin,198.15.228.217,Lucknow,1.58,success
USER002,2026-03-29 09:47:39,GetObject,Lambda_function_01,111.147.72.102,Delhi,30.02,success
USER002,2026-06-06 14:50:17,ListBuckets,Lambda_function_01,111.147.72.102,Delhi,23.99,success
USER010,2026-03-31 02:55:56,DescribeInstances,RDS_database,198.15.228.217,Lucknow,33.04,success
USER002,2026-04-03 17:10:36,GetObject,IAM_role_admin,111.147.72.102,Delhi,30.71,success
USER009,2026-03-23 13:03:57,GetObject,RDS_database,82.37.78.133,Jaipur,30.91,success
USER003,2026-06-06 18:54:32,ListBuckets,S3_bucket_prod,1.210.227.95,Bangalore,33.1,success
USER004,2026-04-26 17:05:37,ListBuckets,Lambda_function_01,202.255.110.21,Chennai,13.0,success
USER005,2026-03-21 08:39:35,GetObject,EC2_instance_01,175.27.105.158,Hyderabad,37.79,success
USER010,2026-03-22 13:45:26,GetObject,IAM_role_admin,198.15.228.217,Lucknow,35.74,failed
USER003,2026-04-06 08:26:14,PutObject,EC2_instance_01,1.210.227.95,Bangalore,24.24,success
USER002,2026-05-20 12:08:23,DescribeInstances,EC2_instance_01,111.147.72.102,Delhi,30.52,success
USER008,2026-04-26 21:22:15,GetObject,S3_bucket_prod,202.102.195.236,Ahmedabad,35.6,success
USER001,2026-06-11 03:11:34,PutObject,IAM_role_admin,129.153.128.30,Mumbai,46.29,success
USER003,2026-04-24 13:12:58,PutObject,EC2_instance_01,1.210.227.95,Bangalore,46.01,success
USER009,2026-05-11 13:05:49,LoginAttempt,IAM_role_admin,82.37.78.133,Jaipur,31.12,success
USER004,2026-04-25 15:50:12,GetObject,EC2_instance_01,202.255.110.21,Chennai,22.65,success
USER002,2026-05-07 11:22:04,PutObject,RDS_database,111.147.72.102,Delhi,9.92,success
USER005,2026-03-20 04:31:57,DescribeInstances,RDS_database,175.27.105.158,Hyderabad,43.59,failed
USER001,2026-05-19 07:36:05,GetObject,IAM_role_admin,129.153.128.30,Mumbai,11.88,success
USER001,2026-04-06 16:49:45,PutObject,Lambda_function_01,129.153.128.30,Mumbai,23.23,success
USER003,2026-04-02 12:52:10,DescribeInstances,Lambda_function_01,1.210.227.95,Bangalore,1820.1,success
USER001,2026-06-04 00:19:23,GetObject,S3_bucket_prod,129.153.128.30,Mumbai,47.71,success
USER004,2026-03-30 16:45:17,LoginAttempt,IAM_role_admin,202.255.110.21,Chennai,17.24,success
USER006,2026-04-23 09:16:18,GetObject,EC2_instance_01,129.175.35.171,Pune,33.17,success
USER007,2026-05-18 10:37:09,LoginAttempt,S3_bucket_prod,93.153.152.126,Kolkata,14.26,success
USER002,2026-05-12 09:48:19,PutObject,S3_bucket_prod,111.147.72.102,Delhi,10.46,success
USER007,2026-04-01 06:07:37,DeleteObject,IAM_role_admin,93.153.152.126,Kolkata,21.91,failed
USER006,2026-05-02 00:16:43,LoginAttempt,RDS_database,129.175.35.171,Pune,3.78,success
USER005,2026-05-29 07:18:35,TerminateInstance,S3_bucket_prod,175.27.105.158,Hyderabad,4.12,success
USER007,2026-04-20 13:02:44,LoginAttempt,S3_bucket_prod,93.153.152.126,Kolkata,10.01,success
USER001,2026-05-31 11:21:48,GetObject,S3_bucket_prod,129.153.128.30,Mumbai,17.26,success
USER003,2026-05-30 07:27:18,TerminateInstance,S3_bucket_prod,1.210.227.95,Bangalore,7.99,success
USER009,2026-06-09 07:41:13,GetObject,S3_bucket_prod,82.37.78.133,Jaipur,4.76,success
USER003,2026-04-10 20:10:42,TerminateInstance,RDS_database,1.210.227.95,Bangalore,2.97,success
USER006,2026-05-15 16:00:02,DeleteObject,RDS_database,129.175.35.171,Pune,13.61,success
USER006,2026-05-28 01:59:04,LoginAttempt,S3_bucket_prod,129.175.35.171,Pune,8.02,success
USER008,2026-05-31 15:01:14,LoginAttempt,RDS_database,202.102.195.236,Ahmedabad,32.75,success
USER005,2026-04-07 05:33:09,DeleteObject,RDS_database,175.27.105.158,Hyderabad,46.21,failed
USER001,2026-05-22 14:55:50,GetObject,RDS_database,129.153.128.30,Mumbai,4.07,success
USER010,2026-06-11 08:10:42,LoginAttempt,Lambda_function_01,198.15.228.217,Lucknow,8.18,success
USER004,2026-05-07 15:00:49,PutObject,EC2_instance_01,202.255.110.21,Chennai,14.44,success
USER007,2026-03-18 16:17:41,GetObject,IAM_role_admin,93.153.152.126,Kolkata,34.18,success
USER002,2026-05-26 11:29:10,GetObject,RDS_database,111.147.72.102,Delhi,26.4,success
USER006,2026-04-30 01:26:57,GetObject,EC2_instance_01,129.175.35.171,Pune,16.78,success
USER001,2026-04-15 16:55:47,GetObject,EC2_instance_01,129.153.128.30,Mumbai,28.25,success
USER009,2026-04-09 18:18:28,CreateInstance,RDS_database,185.220.45.194,Russia,14.28,success
USER006,2026-05-03 02:48:05,PutObject,S3_bucket_prod,129.175.35.171,Pune,28.7,success
USER001,2026-03-15 08:17:04,PutObject,Lambda_function_01,129.153.128.30,Mumbai,12.18,success
USER009,2026-04-14 11:57:19,CreateInstance,S3_bucket_prod,82.37.78.133,Jaipur,30.14,success
USER007,2026-05-16 15:34:42,DescribeInstances,S3_bucket_prod,93.153.152.126,Kolkata,27.13,success
USER003,2026-04-27 06:39:28,GetObject,S3_bucket_prod,1.210.227.95,Bangalore,5.62,success
USER003,2026-05-29 15:08:25,GetObject,S3_bucket_prod,1.210.227.95,Bangalore,18.28,success
USER004,2026-04-23 14:29:14,CreateInstance,RDS_database,202.255.110.21,Chennai,38.06,success
USER006,2026-05-31 04:08:56,PutObject,RDS_database,129.175.35.171,Pune,49.97,success
USER010,2026-04-07 23:03:12,ListBuckets,S3_bucket_prod,198.15.228.217,Lucknow,4.51,failed
USER001,2026-05-26 20:47:36,GetObject,RDS_database,129.153.128.30,Mumbai,37.14,success
USER007,2026-03-20 03:05:47,GetObject,EC2_instance_01,93.153.152.126,Kolkata,22.27,success
USER005,2026-03-27 18:12:50,PutObject,S3_bucket_prod,175.27.105.158,Hyderabad,25.82,success
USER003,2026-05-30 13:16:41,GetObject,S3_bucket_prod,1.210.227.95,Bangalore,18.97,success
USER009,2026-04-14 14:48:17,ListBuckets,S3_bucket_prod,82.37.78.133,Jaipur,41.27,success
USER004,2026-04-14 06:30:27,LoginAttempt,IAM_role_admin,202.255.110.21,Chennai,29.89,success
USER001,2026-04-13 03:31:06,GetObject,S3_bucket_prod,129.153.128.30,Mumbai,25.28,success
USER006,2026-04-13 20:28:33,LoginAttempt,IAM_role_admin,129.175.35.171,Pune,16.59,success
USER007,2026-04-08 12:51:35,PutObject,IAM_role_admin,93.153.152.126,Kolkata,35.01,success
USER010,2026-04-13 03:26:00,GetObject,Lambda_function_01,198.15.228.217,Lucknow,42.9,success
USER001,2026-04-16 14:36:00,DeleteObject,RDS_database,129.153.128.30,Mumbai,47.76,success
USER007,2026-04-24 03:51:28,ListBuckets,Lambda_function_01,93.153.152.126,Kolkata,10.93,success
USER004,2026-06-09 14:31:26,GetObject,Lambda_function_01,202.255.110.21,Chennai,35.23,failed
USER001,2026-03-27 02:44:51,GetObject,Lambda_function_01,129.153.128.30,Mumbai,6.4,success
USER001,2026-04-27 06:31:50,ListBuckets,RDS_database,129.153.128.30,Mumbai,44.02,success
USER003,2026-06-04 12:15:52,GetObject,RDS_database,1.210.227.95,Bangalore,33.28,success
USER004,2026-05-02 05:28:17,GetObject,RDS_database,202.255.110.21,Chennai,39.55,success
USER003,2026-05-09 10:51:29,LoginAttempt,EC2_instance_01,1.210.227.95,Bangalore,20.73,success
USER010,2026-04-15 05:52:52,DeleteObject,RDS_database,198.15.228.217,Lucknow,28.56,success
USER001,2026-05-27 13:14:44,ListBuckets,S3_bucket_prod,129.153.128.30,Mumbai,17.11,success
USER008,2026-04-23 07:18:15,GetObject,S3_bucket_prod,202.102.195.236,Ahmedabad,18.85,success
USER001,2026-03-18 07:40:41,PutObject,IAM_role_admin,129.153.128.30,Mumbai,41.26,success
USER006,2026-05-27 05:01:02,TerminateInstance,IAM_role_admin,129.175.35.171,Pune,46.94,failed
USER004,2026-05-24 00:47:15,LoginAttempt,RDS_database,202.255.110.21,Chennai,1.33,success
USER007,2026-05-19 01:05:47,ListBuckets,EC2_instance_01,93.153.152.126,Kolkata,16.21,failed
USER007,2026-04-11 17:26:30,ListBuckets,RDS_database,93.153.152.126,Kolkata,21.07,success
USER003,2026-05-16 13:25:54,DeleteObject,EC2_instance_01,1.210.227.95,Bangalore,22.67,success
USER005,2026-05-04 19:33:32,LoginAttempt,IAM_role_admin,175.27.105.158,Hyderabad,34.14,success
USER008,2026-05-25 09:17:35,GetObject,Lambda_function_01,202.102.195.236,Ahmedabad,30.89,success
USER009,2026-05-31 10:43:44,PutObject,IAM_role_admin,1.180.59.78,China,42.86,success
USER010,2026-06-10 05:36:38,LoginAttempt,S3_bucket_prod,198.15.228.217,Lucknow,25.33,success
USER001,2026-05-05 13:16:31,LoginAttempt,Lambda_function_01,129.153.128.30,Mumbai,49.41,failed
USER003,2026-04-24 19:54:36,GetObject,S3_bucket_prod,1.210.227.95,Bangalore,38.5,success
USER004,2026-05-02 18:06:35,ListBuckets,EC2_instance_01,202.255.110.21,Chennai,22.18,success
USER001,2026-06-06 09:58:29,GetObject,Lambda_function_01,129.153.128.30,Mumbai,24.2,success
USER002,2026-03-16 11:47:36,ListBuckets,EC2_instance_01,111.147.72.102,Delhi,8.57,success
USER009,2026-04-14 19:32:53,GetObject,S3_bucket_prod,82.37.78.133,Jaipur,24.08,success
USER010,2026-04-13 09:06:14,DescribeInstances,Lambda_function_01,198.15.228.217,Lucknow,28.11,success
USER003,2026-03-28 14:02:47,PutObject,RDS_database,1.210.227.95,Bangalore,31.51,success
