user_id,timestamp,action,resource,ip_address,location,data_volume_mb,status,hour_of_day,day_of_week,is_night_login,is_foreign_location,is_failed,actions_per_user,avg_data_volume_per_user,failed_attempts_per_user,anomaly_score,anomaly_label,severity
USER010,2026-05-07 18:07:47,getobject,S3_bucket_prod,198.15.228.217,lucknow,33.24,success,18,3,0,0,0,50,25.7322,9,0.15352202737481524,Normal,Normal
USER003,2026-06-05 17:43:20,describeinstances,Lambda_function_01,1.210.227.95,bangalore,14.26,success,17,4,0,0,0,50,109.945,6,0.06208644272085018,Normal,Normal
USER010,2026-05-22 11:09:57,deleteobject,S3_bucket_prod,198.15.228.217,lucknow,22.46,success,11,4,0,0,0,50,25.7322,9,0.16920183006457834,Normal,Normal
USER001,2026-03-26 17:56:56,loginattempt,IAM_role_admin,129.153.128.30,mumbai,19.44,failed,17,3,0,0,1,50,27.1782,6,0.05894479656694285,Normal,Normal
USER001,2026-04-27 18:57:25,describeinstances,S3_bucket_prod,129.153.128.30,mumbai,32.22,success,18,0,0,0,0,50,27.1782,6,0.12759442929785875,Normal,Normal
USER005,2026-04-27 15:32:00,putobject,IAM_role_admin,175.27.105.158,hyderabad,15.47,failed,15,0,0,0,1,50,25.0218,17,-0.008747580264392374,Anomaly,Low
USER001,2026-05-28 07:18:30,loginattempt,Lambda_function_01,129.153.128.30,mumbai,6.42,failed,7,3,0,0,1,50,27.1782,6,0.03427955179127873,Normal,Normal
USER009,2026-03-18 19:46:50,getobject,IAM_role_admin,82.37.78.133,jaipur,33.62,success,19,2,0,0,0,50,26.9058,4,0.1532526619338363,Normal,Normal
USER007,2026-06-12 13:05:40,getobject,Lambda_function_01,93.153.152.126,kolkata,12.8,success,13,4,0,0,0,50,24.217,4,0.1759754678503131,Normal,Normal
USER004,2026-05-30 17:00:54,loginattempt,Lambda_function_01,202.255.110.21,chennai,1.27,success,17,5,0,0,0,50,24.91,7,0.1182824187531944,Normal,Normal
USER006,2026-03-18 20:48:57,describeinstances,EC2_instance_01,129.175.35.171,pune,3.8,success,20,2,0,0,0,50,23.5744,4,0.11291283030920063,Normal,Normal
USER005,2026-06-10 19:50:41,describeinstances,RDS_database,175.27.105.158,hyderabad,10.89,failed,19,2,0,0,1,50,25.0218,17,0.0024546807395906534,Normal,Normal
USER010,2026-03-18 14:44:32,describeinstances,IAM_role_admin,198.15.228.217,lucknow,8.61,success,14,2,0,0,0,50,25.7322,9,0.14535430292640683,Normal,Normal
USER003,2026-03-19 09:05:42,terminateinstance,IAM_role_admin,1.210.227.95,bangalore,3.67,success,9,3,0,0,0,50,109.945,6,0.0700058561702972,Normal,Normal
USER008,2026-05-09 02:53:27,getobject,IAM_role_admin,202.102.195.236,ahmedabad,5.49,success,2,5,1,0,0,50,25.7948,3,0.07370852107455156,Normal,Normal
USER003,2026-04-17 20:32:47,listbuckets,Lambda_function_01,1.210.227.95,bangalore,8.11,failed,20,4,0,0,1,50,109.945,6,-0.053150310781286625,Anomaly,Medium
USER006,2026-05-05 12:34:32,listbuckets,IAM_role_admin,129.175.35.171,pune,47.09,success,12,1,0,0,0,50,23.5744,4,0.13248809220849572,Normal,Normal
USER008,2026-04-25 14:54:28,getobject,Lambda_function_01,202.102.195.236,ahmedabad,14.63,success,14,5,0,0,0,50,25.7948,3,0.16888738535720405,Normal,Normal
USER004,2026-03-27 17:36:24,putobject,IAM_role_admin,202.255.110.21,chennai,21.03,success,17,4,0,0,0,50,24.91,7,0.17130289452272723,Normal,Normal
USER007,2026-06-08 12:36:19,getobject,EC2_instance_01,93.153.152.126,kolkata,24.23,success,12,0,0,0,0,50,24.217,4,0.14671878734576632,Normal,Normal
USER002,2026-04-21 11:33:35,listbuckets,IAM_role_admin,111.147.72.102,delhi,32.97,success,11,1,0,0,0,50,25.378,3,0.16461567011275757,Normal,Normal
USER005,2026-04-06 18:11:25,listbuckets,RDS_database,175.27.105.158,hyderabad,26.12,failed,18,0,0,0,1,50,25.0218,17,-0.008208790191349014,Anomaly,Low
USER010,2026-04-16 08:55:51,listbuckets,RDS_database,198.15.228.217,lucknow,40.19,success,8,3,0,0,0,50,25.7322,9,0.14953894729146566,Normal,Normal
USER002,2026-04-30 18:02:06,getobject,Lambda_function_01,111.147.72.102,delhi,3.72,success,18,3,0,0,0,50,25.378,3,0.13942651580285292,Normal,Normal
USER007,2026-05-29 12:20:29,putobject,S3_bucket_prod,93.153.152.126,kolkata,37.39,success,12,4,0,0,0,50,24.217,4,0.16839594911286715,Normal,Normal
USER002,2026-04-23 18:24:22,getobject,EC2_instance_01,111.147.72.102,delhi,6.86,success,18,3,0,0,0,50,25.378,3,0.1499058960914083,Normal,Normal
USER008,2026-05-08 08:59:26,putobject,IAM_role_admin,202.102.195.236,ahmedabad,34.7,success,8,4,0,0,0,50,25.7948,3,0.16353090952422994,Normal,Normal
USER009,2026-05-21 12:20:00,getobject,IAM_role_admin,82.37.78.133,jaipur,9.02,success,12,3,0,0,0,50,26.9058,4,0.16106033057001462,Normal,Normal
USER004,2026-05-01 19:59:57,describeinstances,RDS_database,202.255.110.21,chennai,49.53,success,19,4,0,0,0,50,24.91,7,0.12229680858587128,Normal,Normal
USER005,2026-04-29 13:19:04,loginattempt,S3_bucket_prod,175.27.105.158,hyderabad,24.0,failed,13,2,0,0,1,50,25.0218,17,0.036910855430954626,Normal,Normal
USER005,2026-04-23 10:54:56,getobject,S3_bucket_prod,175.27.105.158,hyderabad,15.31,failed,10,3,0,0,1,50,25.0218,17,0.0375913355871722,Normal,Normal
USER001,2026-06-12 15:00:05,getobject,Lambda_function_01,129.153.128.30,mumbai,32.24,success,15,4,0,0,0,50,27.1782,6,0.16592757785801032,Normal,Normal
USER005,2026-05-29 18:45:36,putobject,S3_bucket_prod,175.27.105.158,hyderabad,27.44,failed,18,4,0,0,1,50,25.0218,17,0.016279467962678096,Normal,Normal
USER008,2026-06-06 18:31:46,describeinstances,EC2_instance_01,202.102.195.236,ahmedabad,45.57,success,18,5,0,0,0,50,25.7948,3,0.13795439576348972,Normal,Normal
USER004,2026-04-29 12:20:34,listbuckets,RDS_database,202.255.110.21,chennai,6.14,success,12,2,0,0,0,50,24.91,7,0.15312420135497395,Normal,Normal
USER010,2026-06-12 19:23:10,putobject,EC2_instance_01,198.15.228.217,lucknow,2.22,failed,19,4,0,0,1,50,25.7322,9,0.030204234585134992,Normal,Normal
USER002,2026-04-01 12:18:08,getobject,RDS_database,111.147.72.102,delhi,14.62,success,12,2,0,0,0,50,25.378,3,0.17053990731641067,Normal,Normal
USER005,2026-05-01 15:48:37,putobject,Lambda_function_01,175.27.105.158,hyderabad,45.26,failed,15,4,0,0,1,50,25.0218,17,0.011894554635867638,Normal,Normal
USER002,2026-05-22 15:46:27,getobject,Lambda_function_01,111.147.72.102,delhi,36.89,success,15,4,0,0,0,50,25.378,3,0.17195525742832013,Normal,Normal
USER009,2026-05-12 14:25:58,terminateinstance,S3_bucket_prod,82.37.78.133,jaipur,36.95,success,14,1,0,0,0,50,26.9058,4,0.16862633097536783,Normal,Normal
USER010,2026-04-09 07:07:17,loginattempt,S3_bucket_prod,198.15.228.217,lucknow,25.0,failed,7,3,0,0,1,50,25.7322,9,0.05818736724660922,Normal,Normal
USER008,2026-05-31 13:14:24,loginattempt,IAM_role_admin,202.102.195.236,ahmedabad,28.22,success,13,6,0,0,0,50,25.7948,3,0.1574754145086405,Normal,Normal
USER006,2026-03-22 13:49:14,putobject,S3_bucket_prod,129.175.35.171,pune,3.39,success,13,6,0,0,0,50,23.5744,4,0.11441057948571415,Normal,Normal
USER004,2026-06-06 16:39:46,describeinstances,IAM_role_admin,202.255.110.21,chennai,40.24,success,16,5,0,0,0,50,24.91,7,0.15116851452012098,Normal,Normal
USER001,2026-05-20 08:37:14,getobject,Lambda_function_01,129.153.128.30,mumbai,26.22,success,8,2,0,0,0,50,27.1782,6,0.15837491664944664,Normal,Normal
USER010,2026-05-01 07:41:53,loginattempt,EC2_instance_01,198.15.228.217,lucknow,42.79,success,7,4,0,0,0,50,25.7322,9,0.14774380873325849,Normal,Normal
USER008,2026-04-05 19:17:42,putobject,RDS_database,202.102.195.236,ahmedabad,14.47,success,19,6,0,0,0,50,25.7948,3,0.13733480023873013,Normal,Normal
USER010,2026-05-31 01:40:20,loginattempt,RDS_database,198.15.228.217,lucknow,49.94,success,1,6,1,0,0,50,25.7322,9,0.019349519345333244,Normal,Normal
USER008,2026-05-26 14:08:07,terminateinstance,RDS_database,202.102.195.236,ahmedabad,35.34,success,14,1,0,0,0,50,25.7948,3,0.16635379528175448,Normal,Normal
USER004,2026-03-20 12:13:29,getobject,S3_bucket_prod,202.255.110.21,chennai,4.29,success,12,4,0,0,0,50,24.91,7,0.1598645751270812,Normal,Normal
USER010,2026-04-16 03:27:57,putobject,IAM_role_admin,198.15.228.217,lucknow,21.6,failed,3,3,1,0,1,50,25.7322,9,-0.007316341960490136,Anomaly,Low
USER010,2026-06-09 17:58:17,describeinstances,EC2_instance_01,198.15.228.217,lucknow,16.94,failed,17,1,0,0,1,50,25.7322,9,0.04606016114928657,Normal,Normal
USER004,2026-04-05 20:44:12,loginattempt,RDS_database,202.255.110.21,chennai,15.67,success,20,6,0,0,0,50,24.91,7,0.1294147895080241,Normal,Normal
USER004,2026-04-10 11:20:52,getobject,S3_bucket_prod,202.255.110.21,chennai,39.81,success,11,4,0,0,0,50,24.91,7,0.16692257117344456,Normal,Normal
USER010,2026-05-04 19:28:56,loginattempt,Lambda_function_01,198.15.228.217,lucknow,40.92,failed,19,0,0,0,1,50,25.7322,9,0.015658670005278097,Normal,Normal
USER006,2026-04-08 18:10:33,getobject,RDS_database,129.175.35.171,pune,47.81,success,18,2,0,0,0,50,23.5744,4,0.13448419291475794,Normal,Normal
USER003,2026-05-12 08:02:56,getobject,Lambda_function_01,1.210.227.95,bangalore,3.01,success,8,1,0,0,0,50,109.945,6,0.04954883556652512,Normal,Normal
USER001,2026-05-05 07:15:30,putobject,S3_bucket_prod,129.153.128.30,mumbai,6.47,success,7,1,0,0,0,50,27.1782,6,0.13539461978857115,Normal,Normal
USER004,2026-03-19 22:41:26,putobject,EC2_instance_01,202.255.110.21,chennai,20.31,success,22,3,1,0,0,50,24.91,7,0.03344727913151413,Normal,Normal
USER003,2026-03-28 00:24:51,getobject,S3_bucket_prod,1.210.227.95,bangalore,24.99,success,0,5,1,0,0,50,109.945,6,-0.05494134895579006,Anomaly,Medium
USER004,2026-04-29 14:46:28,getobject,Lambda_function_01,202.255.110.21,chennai,16.8,success,14,2,0,0,0,50,24.91,7,0.17162768069310425,Normal,Normal
USER003,2026-06-05 13:20:13,putobject,EC2_instance_01,1.210.227.95,bangalore,3.38,success,13,4,0,0,0,50,109.945,6,0.07302234380733119,Normal,Normal
USER006,2026-06-06 09:09:36,getobject,S3_bucket_prod,129.175.35.171,pune,46.02,success,9,5,0,0,0,50,23.5744,4,0.13394845588647342,Normal,Normal
USER002,2026-06-06 01:09:06,listbuckets,RDS_database,111.147.72.102,delhi,28.89,success,1,5,1,0,0,50,25.378,3,0.08805268125220611,Normal,Normal
USER007,2026-04-05 04:50:29,describeinstances,S3_bucket_prod,93.153.152.126,kolkata,31.34,success,4,6,1,0,0,50,24.217,4,0.08838928580378574,Normal,Normal
USER003,2026-06-03 17:17:15,deleteobject,RDS_database,1.210.227.95,bangalore,30.57,failed,17,2,0,0,1,50,109.945,6,-0.017554541256899703,Anomaly,Low
USER003,2026-04-24 17:48:08,loginattempt,EC2_instance_01,1.210.227.95,bangalore,30.44,success,17,4,0,0,0,50,109.945,6,0.06646872490235312,Normal,Normal
USER006,2026-04-30 12:49:04,getobject,IAM_role_admin,129.175.35.171,pune,1.93,success,12,3,0,0,0,50,23.5744,4,0.13934771384840372,Normal,Normal
USER010,2026-04-15 18:42:18,putobject,IAM_role_admin,198.15.228.217,lucknow,44.61,success,18,2,0,0,0,50,25.7322,9,0.13376749175610664,Normal,Normal
USER010,2026-04-05 01:40:41,getobject,IAM_role_admin,198.15.228.217,lucknow,49.6,success,1,6,1,0,0,50,25.7322,9,0.0207895949174145,Normal,Normal
USER004,2026-04-29 05:59:34,getobject,RDS_database,202.255.110.21,chennai,44.97,success,5,2,1,0,0,50,24.91,7,0.07481663456936716,Normal,Normal
USER003,2026-04-21 14:10:16,getobject,RDS_database,1.210.227.95,bangalore,15.44,success,14,1,0,0,0,50,109.945,6,0.06945686733871725,Normal,Normal
USER007,2026-05-07 02:50:11,listbuckets,S3_bucket_prod,93.153.152.126,kolkata,12.33,success,2,3,1,0,0,50,24.217,4,0.11596298446773307,Normal,Normal
USER009,2026-05-29 10:11:33,putobject,IAM_role_admin,82.37.78.133,jaipur,36.56,success,10,4,0,0,0,50,26.9058,4,0.16922021584740565,Normal,Normal
USER007,2026-05-14 06:45:43,putobject,Lambda_function_01,93.153.152.126,kolkata,26.21,success,6,3,0,0,0,50,24.217,4,0.1502461999161398,Normal,Normal
USER003,2026-03-18 18:25:24,getobject,IAM_role_admin,1.210.227.95,bangalore,20.36,success,18,2,0,0,0,50,109.945,6,0.05973198880166131,Normal,Normal
USER009,2026-06-03 03:57:15,getobject,S3_bucket_prod,82.37.78.133,jaipur,43.09,failed,3,2,1,0,1,50,26.9058,4,-0.019726721113660473,Anomaly,Low
USER002,2026-04-05 09:52:44,describeinstances,IAM_role_admin,111.147.72.102,delhi,26.33,success,9,6,0,0,0,50,25.378,3,0.15087800881032432,Normal,Normal
USER009,2026-04-18 14:46:56,getobject,RDS_database,82.37.78.133,jaipur,45.29,success,14,5,0,0,0,50,26.9058,4,0.15110169819776004,Normal,Normal
USER004,2026-05-31 21:00:12,loginattempt,RDS_database,202.255.110.21,chennai,48.98,success,21,6,0,0,0,50,24.91,7,0.09396539706670198,Normal,Normal
USER006,2026-03-17 20:53:37,putobject,EC2_instance_01,129.175.35.171,pune,30.83,success,20,1,0,0,0,50,23.5744,4,0.12943024578267237,Normal,Normal
USER009,2026-04-18 12:34:56,putobject,S3_bucket_prod,82.37.78.133,jaipur,19.48,success,12,5,0,0,0,50,26.9058,4,0.16784617038309774,Normal,Normal
USER006,2026-04-01 03:09:18,putobject,IAM_role_admin,129.175.35.171,pune,47.79,success,3,2,1,0,0,50,23.5744,4,0.0624704748313506,Normal,Normal
USER007,2026-04-01 02:28:45,describeinstances,EC2_instance_01,93.153.152.126,kolkata,10.9,success,2,2,1,0,0,50,24.217,4,0.09756757804574456,Normal,Normal
USER010,2026-04-09 07:28:27,getobject,EC2_instance_01,198.15.228.217,lucknow,24.59,failed,7,3,0,0,1,50,25.7322,9,0.057839154445839536,Normal,Normal
USER003,2026-04-06 16:53:06,getobject,S3_bucket_prod,1.210.227.95,bangalore,38.48,success,16,0,0,0,0,50,109.945,6,0.02909660979547768,Normal,Normal
USER007,2026-04-10 16:54:06,terminateinstance,Lambda_function_01,93.153.152.126,kolkata,47.7,success,16,4,0,0,0,50,24.217,4,0.14975233707140295,Normal,Normal
USER005,2026-04-20 08:13:33,getobject,Lambda_function_01,175.27.105.158,hyderabad,31.22,failed,8,0,0,0,1,50,25.0218,17,-0.013174179599536595,Anomaly,Low
USER002,2026-05-30 08:15:27,describeinstances,S3_bucket_prod,111.147.72.102,delhi,29.63,success,8,5,0,0,0,50,25.378,3,0.1604254800138652,Normal,Normal
USER004,2026-05-20 11:50:24,loginattempt,S3_bucket_prod,202.255.110.21,chennai,11.13,failed,11,2,0,0,1,50,24.91,7,0.07370591775284296,Normal,Normal
USER008,2026-05-23 02:53:43,getobject,S3_bucket_prod,202.102.195.236,ahmedabad,42.48,success,2,5,1,0,0,50,25.7948,3,0.07736842478034445,Normal,Normal
USER008,2026-05-12 12:11:14,loginattempt,S3_bucket_prod,202.102.195.236,ahmedabad,43.85,success,12,1,0,0,0,50,25.7948,3,0.1493628961556286,Normal,Normal
USER001,2026-05-30 17:14:19,getobject,EC2_instance_01,129.153.128.30,mumbai,47.06,success,17,5,0,0,0,50,27.1782,6,0.13720909439325923,Normal,Normal
USER002,2026-03-15 17:16:29,listbuckets,EC2_instance_01,111.147.72.102,delhi,22.29,success,17,6,0,0,0,50,25.378,3,0.153782656351369,Normal,Normal
USER003,2026-05-02 01:57:05,createinstance,RDS_database,1.210.227.95,bangalore,9.02,success,1,5,1,0,0,50,109.945,6,-0.041554556059993475,Anomaly,Low
USER004,2026-06-09 09:52:01,getobject,S3_bucket_prod,202.255.110.21,chennai,16.76,success,9,1,0,0,0,50,24.91,7,0.1587251993344731,Normal,Normal
USER002,2026-06-05 20:24:31,getobject,RDS_database,111.147.72.102,delhi,49.44,success,20,4,0,0,0,50,25.378,3,0.1131109325217598,Normal,Normal
USER002,2026-05-27 17:50:09,deleteobject,IAM_role_admin,111.147.72.102,delhi,3.46,success,17,2,0,0,0,50,25.378,3,0.1370606893609086,Normal,Normal
USER004,2026-04-14 16:37:03,loginattempt,IAM_role_admin,202.255.110.21,chennai,11.39,failed,16,1,0,0,1,50,24.91,7,0.05773599696462883,Normal,Normal
USER005,2026-05-01 13:45:00,terminateinstance,EC2_instance_01,175.27.105.158,hyderabad,4.04,failed,13,4,0,0,1,50,25.0218,17,0.01912326398386266,Normal,Normal
USER010,2026-04-09 04:09:47,putobject,IAM_role_admin,198.15.228.217,lucknow,46.17,success,4,3,1,0,0,50,25.7322,9,0.06233639870376795,Normal,Normal
USER005,2026-04-21 17:18:39,listbuckets,S3_bucket_prod,175.27.105.158,hyderabad,47.55,failed,17,1,0,0,1,50,25.0218,17,0.00020087460686413205,Normal,Normal
USER001,2026-04-26 08:40:59,getobject,Lambda_function_01,129.153.128.30,mumbai,23.03,success,8,6,0,0,0,50,27.1782,6,0.13955134522133023,Normal,Normal
USER008,2026-05-21 17:27:31,loginattempt,S3_bucket_prod,202.102.195.236,ahmedabad,47.43,success,17,3,0,0,0,50,25.7948,3,0.14689594846267107,Normal,Normal
USER001,2026-04-11 12:24:53,loginattempt,RDS_database,129.153.128.30,mumbai,25.94,failed,12,5,0,0,1,50,27.1782,6,0.05687544517068188,Normal,Normal
USER007,2026-04-13 04:11:38,putobject,IAM_role_admin,93.153.152.126,kolkata,22.56,success,4,0,1,0,0,50,24.217,4,0.07316390069073864,Normal,Normal
USER010,2026-04-20 03:40:07,loginattempt,IAM_role_admin,198.15.228.217,lucknow,1.97,success,3,0,1,0,0,50,25.7322,9,0.015020092067242752,Normal,Normal
USER007,2026-05-26 04:09:46,describeinstances,IAM_role_admin,93.153.152.126,kolkata,33.72,success,4,1,1,0,0,50,24.217,4,0.08781005205709957,Normal,Normal
USER004,2026-04-06 17:08:16,loginattempt,EC2_instance_01,202.255.110.21,chennai,45.61,success,17,0,0,0,0,50,24.91,7,0.10882256947166746,Normal,Normal
USER002,2026-06-09 14:46:57,listbuckets,IAM_role_admin,111.147.72.102,delhi,31.65,success,14,1,0,0,0,50,25.378,3,0.1651589843825375,Normal,Normal
USER002,2026-04-06 14:23:26,getobject,IAM_role_admin,111.147.72.102,delhi,20.6,success,14,0,0,0,0,50,25.378,3,0.14721415109068736,Normal,Normal
USER004,2026-06-09 15:10:56,describeinstances,EC2_instance_01,202.255.110.21,chennai,27.68,success,15,1,0,0,0,50,24.91,7,0.162285227879356,Normal,Normal
USER008,2026-04-12 18:20:48,deleteobject,EC2_instance_01,202.102.195.236,ahmedabad,46.27,success,18,6,0,0,0,50,25.7948,3,0.13018678678202023,Normal,Normal
USER007,2026-06-07 20:01:44,loginattempt,EC2_instance_01,93.153.152.126,kolkata,24.55,success,20,6,0,0,0,50,24.217,4,0.127178177748842,Normal,Normal
USER009,2026-05-22 15:38:38,getobject,EC2_instance_01,82.37.78.133,jaipur,29.71,success,15,4,0,0,0,50,26.9058,4,0.17469972474712264,Normal,Normal
USER010,2026-04-09 10:17:51,getobject,EC2_instance_01,198.15.228.217,lucknow,17.47,success,10,3,0,0,0,50,25.7322,9,0.16443637472410516,Normal,Normal
USER008,2026-03-15 10:08:41,getobject,IAM_role_admin,202.102.195.236,ahmedabad,20.11,failed,10,6,0,0,1,50,25.7948,3,0.035717521497911964,Normal,Normal
USER003,2026-04-09 09:01:25,listbuckets,Lambda_function_01,1.210.227.95,bangalore,49.06,success,9,3,0,0,0,50,109.945,6,0.04580559256002725,Normal,Normal
USER008,2026-06-06 05:47:14,describeinstances,EC2_instance_01,202.102.195.236,ahmedabad,33.51,success,5,5,1,0,0,50,25.7948,3,0.08238590006396229,Normal,Normal
USER006,2026-05-17 18:09:25,listbuckets,EC2_instance_01,129.175.35.171,pune,34.62,success,18,6,0,0,0,50,23.5744,4,0.1261438555872943,Normal,Normal
USER008,2026-04-29 07:59:01,getobject,RDS_database,202.102.195.236,ahmedabad,36.66,failed,7,2,0,0,1,50,25.7948,3,0.050416165310556815,Normal,Normal
USER004,2026-04-12 11:10:25,getobject,EC2_instance_01,202.255.110.21,chennai,18.31,success,11,6,0,0,0,50,24.91,7,0.15771211574754807,Normal,Normal
USER005,2026-05-14 19:49:56,putobject,RDS_database,175.27.105.158,hyderabad,37.69,failed,19,3,0,0,1,50,25.0218,17,0.014648259311972889,Normal,Normal
USER010,2026-03-30 13:16:08,describeinstances,Lambda_function_01,198.15.228.217,lucknow,8.52,success,13,0,0,0,0,50,25.7322,9,0.11602256819602302,Normal,Normal
USER002,2026-03-23 05:03:13,putobject,S3_bucket_prod,111.147.72.102,delhi,38.96,success,5,0,1,0,0,50,25.378,3,0.038903132018823006,Normal,Normal
USER009,2026-04-14 16:20:10,getobject,S3_bucket_prod,82.37.78.133,jaipur,41.33,success,16,1,0,0,0,50,26.9058,4,0.15480175486997894,Normal,Normal
USER006,2026-05-31 07:05:25,loginattempt,EC2_instance_01,129.175.35.171,pune,13.62,success,7,6,0,0,0,50,23.5744,4,0.12897499427857523,Normal,Normal
USER008,2026-04-02 14:42:27,putobject,RDS_database,202.102.195.236,ahmedabad,11.21,success,14,3,0,0,0,50,25.7948,3,0.17139764212527642,Normal,Normal
USER009,2026-04-03 21:05:20,getobject,S3_bucket_prod,82.37.78.133,jaipur,41.33,success,21,4,0,0,0,50,26.9058,4,0.11742235283738145,Normal,Normal
USER010,2026-05-16 23:59:39,putobject,Lambda_function_01,198.15.228.217,lucknow,43.88,failed,23,5,1,0,1,50,25.7322,9,-0.05258107183646987,Anomaly,Medium
USER006,2026-04-19 13:11:37,loginattempt,EC2_instance_01,129.175.35.171,pune,15.17,success,13,6,0,0,0,50,23.5744,4,0.14151623088016707,Normal,Normal
USER006,2026-03-15 14:23:49,loginattempt,RDS_database,129.175.35.171,pune,3.42,success,14,6,0,0,0,50,23.5744,4,0.11418404450185587,Normal,Normal
USER006,2026-03-17 15:15:17,loginattempt,RDS_database,129.175.35.171,pune,41.5,success,15,1,0,0,0,50,23.5744,4,0.14130880735603163,Normal,Normal
USER006,2026-03-29 12:07:31,putobject,RDS_database,129.175.35.171,pune,34.16,success,12,6,0,0,0,50,23.5744,4,0.1289369871046948,Normal,Normal
USER008,2026-05-04 00:12:35,listbuckets,Lambda_function_01,202.102.195.236,ahmedabad,9.43,success,0,0,1,0,0,50,25.7948,3,0.026326200439037994,Normal,Normal
USER007,2026-03-23 10:49:28,deleteobject,RDS_database,93.153.152.126,kolkata,11.54,success,10,0,0,0,0,50,24.217,4,0.13926358476496903,Normal,Normal
USER008,2026-03-20 11:40:01,getobject,EC2_instance_01,202.102.195.236,ahmedabad,11.14,success,11,4,0,0,0,50,25.7948,3,0.17553137042444245,Normal,Normal
USER006,2026-04-30 01:39:51,putobject,EC2_instance_01,129.175.35.171,pune,3.71,success,1,3,1,0,0,50,23.5744,4,0.08086335942428002,Normal,Normal
USER006,2026-04-16 20:36:25,describeinstances,EC2_instance_01,129.175.35.171,pune,46.55,success,20,3,0,0,0,50,23.5744,4,0.12267607183968243,Normal,Normal
USER003,2026-05-21 01:27:37,getobject,S3_bucket_prod,1.210.227.95,bangalore,1387.02,success,1,3,1,0,0,50,109.945,6,-0.13346442573925754,Anomaly,Medium
USER005,2026-05-30 09:59:26,putobject,S3_bucket_prod,175.27.105.158,hyderabad,16.87,failed,9,5,0,0,1,50,25.0218,17,0.018984769097095344,Normal,Normal
USER004,2026-03-22 15:55:10,createinstance,EC2_instance_01,202.255.110.21,chennai,25.19,failed,15,6,0,0,1,50,24.91,7,0.05792584097689912,Normal,Normal
USER010,2026-04-28 18:23:47,getobject,RDS_database,198.15.228.217,lucknow,16.73,success,18,1,0,0,0,50,25.7322,9,0.13993468968118633,Normal,Normal
USER005,2026-06-11 08:01:35,putobject,IAM_role_admin,175.27.105.158,hyderabad,22.14,success,8,3,0,0,0,50,25.0218,17,0.09658399799948858,Normal,Normal
USER010,2026-04-20 18:55:43,putobject,EC2_instance_01,198.15.228.217,lucknow,23.1,success,18,0,0,0,0,50,25.7322,9,0.11491845869469991,Normal,Normal
USER002,2026-04-18 13:21:33,putobject,Lambda_function_01,111.147.72.102,delhi,19.55,success,13,5,0,0,0,50,25.378,3,0.17080320722597386,Normal,Normal
USER009,2026-04-15 14:43:58,getobject,EC2_instance_01,82.37.78.133,jaipur,28.57,success,14,2,0,0,0,50,26.9058,4,0.17543646073622665,Normal,Normal
USER004,2026-05-01 10:58:55,listbuckets,S3_bucket_prod,202.255.110.21,chennai,3.58,failed,10,4,0,0,1,50,24.91,7,0.06783379254368715,Normal,Normal
USER007,2026-05-14 04:23:06,listbuckets,Lambda_function_01,93.153.152.126,kolkata,1.23,success,4,3,1,0,0,50,24.217,4,0.08179421964398892,Normal,Normal
USER005,2026-06-07 16:04:01,loginattempt,S3_bucket_prod,175.27.105.158,hyderabad,25.32,success,16,6,0,0,0,50,25.0218,17,0.0632745446695323,Normal,Normal
USER004,2026-05-30 05:47:56,describeinstances,EC2_instance_01,202.255.110.21,chennai,19.28,success,5,5,1,0,0,50,24.91,7,0.09130775698579785,Normal,Normal
USER004,2026-03-20 10:26:46,putobject,EC2_instance_01,202.255.110.21,chennai,48.31,failed,10,4,0,0,1,50,24.91,7,0.059947213441030045,Normal,Normal
USER008,2026-05-02 18:11:55,describeinstances,RDS_database,202.102.195.236,ahmedabad,19.35,success,18,5,0,0,0,50,25.7948,3,0.15631780452125138,Normal,Normal
USER008,2026-04-19 18:14:33,terminateinstance,IAM_role_admin,202.102.195.236,ahmedabad,21.82,success,18,6,0,0,0,50,25.7948,3,0.14630914405135165,Normal,Normal
USER001,2026-05-08 08:07:52,describeinstances,IAM_role_admin,129.153.128.30,mumbai,14.94,success,8,4,0,0,0,50,27.1782,6,0.16241911693814742,Normal,Normal
USER010,2026-05-19 22:56:31,putobject,RDS_database,198.15.228.217,lucknow,9.01,success,22,1,1,0,0,50,25.7322,9,3.7690931730116617e-06,Normal,Normal
USER003,2026-05-16 18:37:08,putobject,S3_bucket_prod,1.210.227.95,bangalore,26.59,success,18,5,0,0,0,50,109.945,6,0.05095275886421968,Normal,Normal
USER005,2026-04-24 08:29:20,getobject,RDS_database,175.27.105.158,hyderabad,20.84,success,8,4,0,0,0,50,25.0218,17,0.0974984057939755,Normal,Normal
USER006,2026-06-08 10:04:34,describeinstances,IAM_role_admin,129.175.35.171,pune,32.08,success,10,0,0,0,0,50,23.5744,4,0.135142337630279,Normal,Normal
USER006,2026-03-27 04:12:32,terminateinstance,RDS_database,129.175.35.171,pune,2.98,success,4,4,1,0,0,50,23.5744,4,0.07713112033784053,Normal,Normal
USER006,2026-06-09 14:54:23,deleteobject,S3_bucket_prod,129.175.35.171,pune,42.04,success,14,1,0,0,0,50,23.5744,4,0.14544182879303497,Normal,Normal
USER002,2026-04-09 07:56:09,listbuckets,S3_bucket_prod,111.147.72.102,delhi,28.8,success,7,3,0,0,0,50,25.378,3,0.16641295547768603,Normal,Normal
USER002,2026-06-05 20:03:10,putobject,Lambda_function_01,111.147.72.102,delhi,10.28,success,20,4,0,0,0,50,25.378,3,0.1428804527982695,Normal,Normal
USER004,2026-04-01 23:40:52,loginattempt,RDS_database,202.255.110.21,chennai,48.82,success,23,2,1,0,0,50,24.91,7,0.00016595454488355088,Normal,Normal
USER007,2026-05-28 04:56:37,loginattempt,S3_bucket_prod,93.153.152.126,kolkata,27.74,success,4,3,1,0,0,50,24.217,4,0.1177652370214538,Normal,Normal
USER008,2026-06-09 19:26:42,putobject,RDS_database,202.102.195.236,ahmedabad,19.93,success,19,1,0,0,0,50,25.7948,3,0.1435877870690742,Normal,Normal
USER008,2026-04-25 08:05:43,loginattempt,S3_bucket_prod,202.102.195.236,ahmedabad,22.86,failed,8,5,0,0,1,50,25.7948,3,0.05395005439978262,Normal,Normal
USER006,2026-05-29 06:18:09,getobject,EC2_instance_01,129.175.35.171,pune,11.72,success,6,4,0,0,0,50,23.5744,4,0.13799923574099882,Normal,Normal
USER009,2026-06-10 19:58:02,getobject,EC2_instance_01,82.37.78.133,jaipur,8.53,success,19,2,0,0,0,50,26.9058,4,0.14164313188865146,Normal,Normal
USER003,2026-03-28 09:21:54,listbuckets,IAM_role_admin,1.210.227.95,bangalore,10.89,success,9,5,0,0,0,50,109.945,6,0.06783836150920708,Normal,Normal
USER008,2026-05-10 16:51:37,putobject,Lambda_function_01,202.102.195.236,ahmedabad,5.44,success,16,6,0,0,0,50,25.7948,3,0.12827164373386207,Normal,Normal
USER003,2026-04-20 13:50:22,loginattempt,S3_bucket_prod,1.210.227.95,bangalore,9.96,success,13,0,0,0,0,50,109.945,6,0.05786725699846129,Normal,Normal
USER008,2026-05-02 09:40:09,getobject,RDS_database,202.102.195.236,ahmedabad,36.37,success,9,5,0,0,0,50,25.7948,3,0.15845623493738137,Normal,Normal
USER009,2026-05-18 20:49:06,putobject,RDS_database,82.37.78.133,jaipur,25.9,success,20,0,0,0,0,50,26.9058,4,0.10984351603054837,Normal,Normal
USER009,2026-04-30 08:29:30,putobject,RDS_database,185.220.4.123,russia,4.27,success,8,3,0,1,0,50,26.9058,4,-0.040531034252430875,Anomaly,Low
USER005,2026-04-05 10:36:03,terminateinstance,S3_bucket_prod,175.27.105.158,hyderabad,44.94,success,10,6,0,0,0,50,25.0218,17,0.0543273301179118,Normal,Normal
USER006,2026-04-26 22:49:43,loginattempt,IAM_role_admin,129.175.35.171,pune,21.98,success,22,6,1,0,0,50,23.5744,4,0.002523710068563001,Normal,Normal
USER007,2026-04-01 18:46:37,putobject,RDS_database,93.153.152.126,kolkata,33.92,failed,18,2,0,0,1,50,24.217,4,0.0770122060622323,Normal,Normal
USER005,2026-05-13 15:25:37,listbuckets,Lambda_function_01,175.27.105.158,hyderabad,37.09,success,15,2,0,0,0,50,25.0218,17,0.08099070495398658,Normal,Normal
USER009,2026-05-01 10:20:07,getobject,EC2_instance_01,82.37.78.133,jaipur,37.62,success,10,4,0,0,0,50,26.9058,4,0.16733587751103618,Normal,Normal
USER001,2026-05-10 14:06:05,getobject,Lambda_function_01,129.153.128.30,mumbai,10.69,success,14,6,0,0,0,50,27.1782,6,0.13728940986409677,Normal,Normal
USER006,2026-04-13 14:43:45,loginattempt,Lambda_function_01,129.175.35.171,pune,18.53,success,14,0,0,0,0,50,23.5744,4,0.13629531027832414,Normal,Normal
USER008,2026-03-30 03:16:14,getobject,EC2_instance_01,202.102.195.236,ahmedabad,27.96,success,3,0,1,0,0,50,25.7948,3,0.05137106520881429,Normal,Normal
USER009,2026-03-28 07:14:46,loginattempt,S3_bucket_prod,82.37.78.133,jaipur,22.96,success,7,5,0,0,0,50,26.9058,4,0.1555399996441249,Normal,Normal
USER010,2026-05-27 11:21:10,putobject,S3_bucket_prod,198.15.228.217,lucknow,20.21,success,11,2,0,0,0,50,25.7322,9,0.15952162393102293,Normal,Normal
USER007,2026-06-04 16:10:18,getobject,EC2_instance_01,93.153.152.126,kolkata,22.5,success,16,3,0,0,0,50,24.217,4,0.1748740790143365,Normal,Normal
USER008,2026-03-26 19:14:32,deleteobject,IAM_role_admin,202.102.195.236,ahmedabad,25.4,success,19,3,0,0,0,50,25.7948,3,0.15382011635527337,Normal,Normal
USER002,2026-03-17 19:28:36,describeinstances,Lambda_function_01,111.147.72.102,delhi,39.78,success,19,1,0,0,0,50,25.378,3,0.1382584960581682,Normal,Normal
USER006,2026-06-04 21:00:34,putobject,RDS_database,129.175.35.171,pune,20.96,success,21,3,0,0,0,50,23.5744,4,0.1398376587730913,Normal,Normal
USER002,2026-05-22 14:59:06,getobject,S3_bucket_prod,111.147.72.102,delhi,42.54,failed,14,4,0,0,1,50,25.378,3,0.0618454848607628,Normal,Normal
USER009,2026-05-25 08:53:09,putobject,EC2_instance_01,82.37.78.133,jaipur,14.14,success,8,0,0,0,0,50,26.9058,4,0.12775666744988134,Normal,Normal
USER001,2026-05-10 20:59:33,getobject,EC2_instance_01,129.153.128.30,mumbai,10.56,success,20,6,0,0,0,50,27.1782,6,0.10210011095056037,Normal,Normal
USER004,2026-03-30 17:24:03,loginattempt,Lambda_function_01,202.255.110.21,chennai,10.4,success,17,0,0,0,0,50,24.91,7,0.12864231162559392,Normal,Normal
USER005,2026-04-04 18:55:54,getobject,EC2_instance_01,175.27.105.158,hyderabad,40.91,success,18,5,0,0,0,50,25.0218,17,0.06994628415865523,Normal,Normal
USER005,2026-05-14 11:57:33,putobject,EC2_instance_01,175.27.105.158,hyderabad,22.19,success,11,3,0,0,0,50,25.0218,17,0.10658774947315697,Normal,Normal
USER005,2026-05-23 17:34:22,describeinstances,Lambda_function_01,175.27.105.158,hyderabad,1.21,success,17,5,0,0,0,50,25.0218,17,0.05274446137887934,Normal,Normal
USER001,2026-04-03 19:02:12,listbuckets,EC2_instance_01,129.153.128.30,mumbai,40.69,success,19,4,0,0,0,50,27.1782,6,0.14124865038653855,Normal,Normal
USER002,2026-03-27 12:09:22,getobject,S3_bucket_prod,111.147.72.102,delhi,21.09,success,12,4,0,0,0,50,25.378,3,0.18050810916464655,Normal,Normal
USER009,2026-04-01 14:38:44,terminateinstance,IAM_role_admin,1.180.254.36,china,21.18,success,14,2,0,1,0,50,26.9058,4,-0.0447370624496749,Anomaly,Low
USER002,2026-04-05 19:59:43,loginattempt,Lambda_function_01,111.147.72.102,delhi,23.94,success,19,6,0,0,0,50,25.378,3,0.13916620790158868,Normal,Normal
USER007,2026-03-23 04:11:24,getobject,RDS_database,93.153.152.126,kolkata,40.01,failed,4,0,1,0,1,50,24.217,4,-0.030257540795511906,Anomaly,Low
USER001,2026-05-02 18:36:16,getobject,EC2_instance_01,129.153.128.30,mumbai,47.25,success,18,5,0,0,0,50,27.1782,6,0.13126070989904975,Normal,Normal
USER007,2026-03-27 03:13:24,putobject,Lambda_function_01,93.153.152.126,kolkata,2.72,success,3,4,1,0,0,50,24.217,4,0.09832378240976286,Normal,Normal
USER010,2026-05-24 15:09:12,deleteobject,IAM_role_admin,198.15.228.217,lucknow,42.57,success,15,6,0,0,0,50,25.7322,9,0.13011285021293484,Normal,Normal
USER009,2026-05-30 22:52:32,listbuckets,EC2_instance_01,82.37.78.133,jaipur,38.24,success,22,5,1,0,0,50,26.9058,4,-4.334457149002269e-05,Anomaly,Low
USER009,2026-03-25 17:06:43,putobject,S3_bucket_prod,82.37.78.133,jaipur,26.85,success,17,2,0,0,0,50,26.9058,4,0.16103775228687162,Normal,Normal
USER006,2026-06-01 09:44:37,getobject,EC2_instance_01,129.175.35.171,pune,12.68,success,9,0,0,0,0,50,23.5744,4,0.12388763177374806,Normal,Normal
USER005,2026-05-14 14:51:23,loginattempt,Lambda_function_01,175.27.105.158,hyderabad,13.09,success,14,3,0,0,0,50,25.0218,17,0.09517851343684003,Normal,Normal
USER005,2026-06-05 10:31:47,loginattempt,S3_bucket_prod,175.27.105.158,hyderabad,48.07,success,10,4,0,0,0,50,25.0218,17,0.06800351232380675,Normal,Normal
USER003,2026-05-27 19:23:21,listbuckets,IAM_role_admin,1.210.227.95,bangalore,49.34,success,19,2,0,0,0,50,109.945,6,0.012941031814193038,Normal,Normal
USER006,2026-04-26 15:52:05,loginattempt,EC2_instance_01,129.175.35.171,pune,19.76,failed,15,6,0,0,1,50,23.5744,4,0.029192969055602203,Normal,Normal
USER003,2026-04-27 19:14:46,putobject,EC2_instance_01,1.210.227.95,bangalore,33.27,success,19,0,0,0,0,50,109.945,6,0.018639115988654975,Normal,Normal
USER007,2026-05-08 19:01:27,loginattempt,EC2_instance_01,93.153.152.126,kolkata,28.61,success,19,4,0,0,0,50,24.217,4,0.15928174066248496,Normal,Normal
USER001,2026-04-26 07:49:51,getobject,Lambda_function_01,129.153.128.30,mumbai,47.31,success,7,6,0,0,0,50,27.1782,6,0.1127248283811989,Normal,Normal
USER007,2026-04-19 02:44:32,describeinstances,EC2_instance_01,93.153.152.126,kolkata,37.56,success,2,6,1,0,0,50,24.217,4,0.08161449011829691,Normal,Normal
USER005,2026-04-10 10:24:46,getobject,IAM_role_admin,175.27.105.158,hyderabad,2.33,failed,10,4,0,0,1,50,25.0218,17,0.016938555959297386,Normal,Normal
USER003,2026-04-04 08:38:22,listbuckets,IAM_role_admin,1.210.227.95,bangalore,24.33,success,8,5,0,0,0,50,109.945,6,0.06835372984390464,Normal,Normal
USER005,2026-03-20 15:01:53,describeinstances,S3_bucket_prod,175.27.105.158,hyderabad,29.35,success,15,4,0,0,0,50,25.0218,17,0.10017839711737853,Normal,Normal
USER003,2026-04-15 09:54:40,putobject,Lambda_function_01,1.210.227.95,bangalore,9.29,success,9,2,0,0,0,50,109.945,6,0.0725500333870891,Normal,Normal
USER005,2026-03-26 00:22:04,terminateinstance,S3_bucket_prod,175.27.105.158,hyderabad,7.49,success,0,3,1,0,0,50,25.0218,17,-0.013782689130306558,Anomaly,Low
USER005,2026-03-21 08:46:02,describeinstances,IAM_role_admin,175.27.105.158,hyderabad,32.28,success,8,5,0,0,0,50,25.0218,17,0.07680278515049566,Normal,Normal
USER001,2026-06-07 16:42:20,putobject,S3_bucket_prod,129.153.128.30,mumbai,40.03,success,16,6,0,0,0,50,27.1782,6,0.1272247510822957,Normal,Normal
USER008,2026-03-30 17:14:47,putobject,Lambda_function_01,202.102.195.236,ahmedabad,34.62,success,17,0,0,0,0,50,25.7948,3,0.13444057424675132,Normal,Normal
USER002,2026-06-02 08:12:18,getobject,RDS_database,111.147.72.102,delhi,45.58,success,8,1,0,0,0,50,25.378,3,0.14201920486238756,Normal,Normal
USER009,2026-05-16 10:17:20,listbuckets,RDS_database,82.37.78.133,jaipur,30.91,success,10,5,0,0,0,50,26.9058,4,0.16466078973656278,Normal,Normal
USER010,2026-06-06 08:37:40,loginattempt,IAM_role_admin,198.15.228.217,lucknow,22.9,success,8,5,0,0,0,50,25.7322,9,0.1469144034281663,Normal,Normal
USER008,2026-03-21 23:13:19,loginattempt,RDS_database,202.102.195.236,ahmedabad,12.62,success,23,5,1,0,0,50,25.7948,3,-0.0025395922036611784,Anomaly,Low
USER009,2026-04-25 14:57:28,putobject,S3_bucket_prod,82.37.78.133,jaipur,46.47,success,14,5,0,0,0,50,26.9058,4,0.15474220875325784,Normal,Normal
USER008,2026-05-09 15:36:59,getobject,IAM_role_admin,202.102.195.236,ahmedabad,26.27,success,15,5,0,0,0,50,25.7948,3,0.1677650545809588,Normal,Normal
USER007,2026-04-30 19:20:29,putobject,Lambda_function_01,93.153.152.126,kolkata,23.08,success,19,3,0,0,0,50,24.217,4,0.16608112611935683,Normal,Normal
USER004,2026-06-09 09:05:35,putobject,S3_bucket_prod,202.255.110.21,chennai,38.69,success,9,1,0,0,0,50,24.91,7,0.1505639645466701,Normal,Normal
USER008,2026-05-17 07:58:09,deleteobject,Lambda_function_01,202.102.195.236,ahmedabad,31.71,success,7,6,0,0,0,50,25.7948,3,0.14160768461079692,Normal,Normal
USER005,2026-03-30 11:24:17,getobject,IAM_role_admin,175.27.105.158,hyderabad,45.38,success,11,0,0,0,0,50,25.0218,17,0.03902393495247647,Normal,Normal
USER006,2026-03-29 17:21:59,getobject,IAM_role_admin,129.175.35.171,pune,13.27,success,17,6,0,0,0,50,23.5744,4,0.13402690608583895,Normal,Normal
USER007,2026-04-09 13:34:45,terminateinstance,Lambda_function_01,93.153.152.126,kolkata,26.81,success,13,3,0,0,0,50,24.217,4,0.17776404176838756,Normal,Normal
USER003,2026-05-18 19:19:12,listbuckets,IAM_role_admin,1.210.227.95,bangalore,15.86,success,19,0,0,0,0,50,109.945,6,0.02776960883165125,Normal,Normal
USER006,2026-05-28 13:59:55,loginattempt,Lambda_function_01,129.175.35.171,pune,14.19,success,13,3,0,0,0,50,23.5744,4,0.17218387234390659,Normal,Normal
USER008,2026-05-11 14:10:30,listbuckets,RDS_database,202.102.195.236,ahmedabad,37.71,success,14,0,0,0,0,50,25.7948,3,0.14580712526267547,Normal,Normal
USER001,2026-04-20 14:07:25,describeinstances,S3_bucket_prod,129.153.128.30,mumbai,22.87,success,14,0,0,0,0,50,27.1782,6,0.14049760964091096,Normal,Normal
USER009,2026-03-24 17:10:01,putobject,S3_bucket_prod,82.37.78.133,jaipur,33.14,success,17,1,0,0,0,50,26.9058,4,0.1590650938461794,Normal,Normal
USER001,2026-03-30 00:03:55,getobject,RDS_database,129.153.128.30,mumbai,42.59,success,0,0,1,0,0,50,27.1782,6,0.012352784857500354,Normal,Normal
USER005,2026-04-30 15:40:26,getobject,RDS_database,175.27.105.158,hyderabad,44.76,success,15,3,0,0,0,50,25.0218,17,0.08463029084089263,Normal,Normal
USER005,2026-05-26 15:54:20,getobject,RDS_database,175.27.105.158,hyderabad,10.94,success,15,1,0,0,0,50,25.0218,17,0.07556075612480118,Normal,Normal
USER002,2026-03-27 17:57:57,putobject,RDS_database,111.147.72.102,delhi,24.38,success,17,4,0,0,0,50,25.378,3,0.17091555017286647,Normal,Normal
USER008,2026-04-11 17:02:06,loginattempt,EC2_instance_01,202.102.195.236,ahmedabad,1.9,success,17,5,0,0,0,50,25.7948,3,0.13154172036751566,Normal,Normal
USER002,2026-05-02 16:37:46,describeinstances,EC2_instance_01,111.147.72.102,delhi,6.04,success,16,5,0,0,0,50,25.378,3,0.146909291611093,Normal,Normal
USER003,2026-05-18 16:14:10,getobject,S3_bucket_prod,1.210.227.95,bangalore,23.29,success,16,0,0,0,0,50,109.945,6,0.050213071020823175,Normal,Normal
USER003,2026-03-22 09:34:55,getobject,IAM_role_admin,1.210.227.95,bangalore,1.88,failed,9,6,0,0,1,50,109.945,6,-0.07042552971446292,Anomaly,Medium
USER006,2026-06-06 14:00:52,createinstance,IAM_role_admin,129.175.35.171,pune,45.39,failed,14,5,0,0,1,50,23.5744,4,0.03466825097819837,Normal,Normal
USER004,2026-04-01 05:04:50,listbuckets,Lambda_function_01,202.255.110.21,chennai,21.45,success,5,2,1,0,0,50,24.91,7,0.086299936547029,Normal,Normal
USER008,2026-05-09 16:44:42,loginattempt,S3_bucket_prod,202.102.195.236,ahmedabad,42.6,success,16,5,0,0,0,50,25.7948,3,0.15485898933372944,Normal,Normal
USER010,2026-05-19 14:55:58,loginattempt,S3_bucket_prod,198.15.228.217,lucknow,9.57,success,14,1,0,0,0,50,25.7322,9,0.14235852949030942,Normal,Normal
USER003,2026-04-17 15:56:31,getobject,IAM_role_admin,1.210.227.95,bangalore,43.12,success,15,4,0,0,0,50,109.945,6,0.06650448555017596,Normal,Normal
USER006,2026-04-01 18:35:37,deleteobject,S3_bucket_prod,129.175.35.171,pune,34.95,failed,18,2,0,0,1,50,23.5744,4,0.06242460575093833,Normal,Normal
USER001,2026-04-07 13:05:40,putobject,IAM_role_admin,129.153.128.30,mumbai,4.49,success,13,1,0,0,0,50,27.1782,6,0.13596620100377238,Normal,Normal
USER006,2026-05-21 17:30:20,describeinstances,IAM_role_admin,129.175.35.171,pune,42.29,success,17,3,0,0,0,50,23.5744,4,0.15062015584925625,Normal,Normal
USER002,2026-04-30 10:39:11,describeinstances,S3_bucket_prod,111.147.72.102,delhi,24.97,success,10,3,0,0,0,50,25.378,3,0.18143760698622785,Normal,Normal
USER009,2026-04-08 09:07:02,getobject,RDS_database,82.37.78.133,jaipur,22.61,success,9,2,0,0,0,50,26.9058,4,0.17010584465617973,Normal,Normal
USER005,2026-03-27 10:16:25,listbuckets,S3_bucket_prod,175.27.105.158,hyderabad,19.31,success,10,4,0,0,0,50,25.0218,17,0.10551466136607346,Normal,Normal
USER005,2026-05-22 01:27:14,putobject,EC2_instance_01,175.27.105.158,hyderabad,40.7,success,1,4,1,0,0,50,25.0218,17,-0.0045321960126298855,Anomaly,Low
USER009,2026-04-19 09:35:08,listbuckets,S3_bucket_prod,82.37.78.133,jaipur,17.9,success,9,6,0,0,0,50,26.9058,4,0.1472541182144918,Normal,Normal
USER001,2026-05-20 08:50:56,getobject,Lambda_function_01,129.153.128.30,mumbai,38.43,success,8,2,0,0,0,50,27.1782,6,0.1488940834073148,Normal,Normal
USER008,2026-05-08 14:37:16,terminateinstance,Lambda_function_01,202.102.195.236,ahmedabad,3.07,success,14,4,0,0,0,50,25.7948,3,0.15246869799591467,Normal,Normal
USER010,2026-06-09 05:47:20,terminateinstance,S3_bucket_prod,198.15.228.217,lucknow,23.17,success,5,1,1,0,0,50,25.7322,9,0.06665951043262242,Normal,Normal
USER010,2026-03-16 07:28:09,putobject,Lambda_function_01,198.15.228.217,lucknow,7.42,success,7,0,0,0,0,50,25.7322,9,0.10127514975939012,Normal,Normal
USER001,2026-05-19 20:47:30,getobject,RDS_database,129.153.128.30,mumbai,46.58,success,20,1,0,0,0,50,27.1782,6,0.12012930292798984,Normal,Normal
USER002,2026-04-22 20:15:52,describeinstances,RDS_database,111.147.72.102,delhi,22.96,success,20,2,0,0,0,50,25.378,3,0.14021489775457313,Normal,Normal
USER005,2026-04-21 18:19:31,createinstance,EC2_instance_01,175.27.105.158,hyderabad,15.77,success,18,1,0,0,0,50,25.0218,17,0.06817108248691872,Normal,Normal
USER009,2026-03-31 14:12:42,getobject,IAM_role_admin,1.180.71.82,china,34.07,success,14,1,0,1,0,50,26.9058,4,-0.03232895670672231,Anomaly,Low
USER004,2026-04-29 11:18:43,putobject,IAM_role_admin,202.255.110.21,chennai,42.78,success,11,2,0,0,0,50,24.91,7,0.15871490582225845,Normal,Normal
USER002,2026-04-16 07:54:25,getobject,EC2_instance_01,111.147.72.102,delhi,25.24,success,7,3,0,0,0,50,25.378,3,0.16785473889442126,Normal,Normal
USER006,2026-06-08 10:20:07,describeinstances,Lambda_function_01,129.175.35.171,pune,30.72,success,10,0,0,0,0,50,23.5744,4,0.1371890573318823,Normal,Normal
USER008,2026-06-07 16:59:29,getobject,EC2_instance_01,202.102.195.236,ahmedabad,26.44,success,16,6,0,0,0,50,25.7948,3,0.15239997238303793,Normal,Normal
USER004,2026-05-24 09:20:00,deleteobject,IAM_role_admin,202.255.110.21,chennai,2.94,success,9,6,0,0,0,50,24.91,7,0.1240076597638416,Normal,Normal
USER008,2026-04-07 11:16:49,getobject,S3_bucket_prod,202.102.195.236,ahmedabad,10.45,success,11,1,0,0,0,50,25.7948,3,0.15850837784601451,Normal,Normal
USER010,2026-04-21 12:20:19,getobject,IAM_role_admin,198.15.228.217,lucknow,10.9,success,12,1,0,0,0,50,25.7322,9,0.14579403850029427,Normal,Normal
USER003,2026-03-17 11:55:02,listbuckets,RDS_database,1.210.227.95,bangalore,16.41,success,11,1,0,0,0,50,109.945,6,0.07182648358889798,Normal,Normal
USER002,2026-03-21 17:28:53,putobject,S3_bucket_prod,111.147.72.102,delhi,40.51,success,17,5,0,0,0,50,25.378,3,0.15263401000803511,Normal,Normal
USER006,2026-05-23 13:05:55,loginattempt,Lambda_function_01,129.175.35.171,pune,5.57,success,13,5,0,0,0,50,23.5744,4,0.14193734074406905,Normal,Normal
USER007,2026-03-27 01:40:46,loginattempt,Lambda_function_01,93.153.152.126,kolkata,42.99,success,1,4,1,0,0,50,24.217,4,0.08880339880564209,Normal,Normal
USER008,2026-05-08 20:24:51,putobject,S3_bucket_prod,202.102.195.236,ahmedabad,14.0,success,20,4,0,0,0,50,25.7948,3,0.1451160712543415,Normal,Normal
USER002,2026-05-30 12:11:16,describeinstances,Lambda_function_01,111.147.72.102,delhi,17.06,success,12,5,0,0,0,50,25.378,3,0.16813912878664566,Normal,Normal
USER009,2026-04-22 13:15:22,getobject,RDS_database,1.180.226.114,china,18.24,success,13,2,0,1,0,50,26.9058,4,-0.0418606690462745,Anomaly,Low
USER004,2026-05-03 12:57:15,createinstance,S3_bucket_prod,202.255.110.21,chennai,48.41,success,12,6,0,0,0,50,24.91,7,0.12245463460328421,Normal,Normal
USER010,2026-05-24 23:31:33,describeinstances,S3_bucket_prod,198.15.228.217,lucknow,29.62,success,23,6,1,0,0,50,25.7322,9,-0.010034559148443978,Anomaly,Low
USER005,2026-03-29 23:21:33,loginattempt,EC2_instance_01,175.27.105.158,hyderabad,30.29,success,23,6,1,0,0,50,25.0218,17,-0.0576198411326907,Anomaly,Medium
USER009,2026-03-20 05:30:17,loginattempt,EC2_instance_01,82.37.78.133,jaipur,6.82,failed,5,4,1,0,1,50,26.9058,4,-0.022262343590665146,Anomaly,Low
USER010,2026-04-07 19:15:19,listbuckets,EC2_instance_01,198.15.228.217,lucknow,22.69,success,19,1,0,0,0,50,25.7322,9,0.1359623548161294,Normal,Normal
USER004,2026-05-18 21:59:45,describeinstances,RDS_database,202.255.110.21,chennai,24.64,failed,21,0,0,0,1,50,24.91,7,0.027667065993373985,Normal,Normal
USER010,2026-06-05 00:35:55,deleteobject,EC2_instance_01,198.15.228.217,lucknow,18.4,success,0,4,1,0,0,50,25.7322,9,0.055528577957487446,Normal,Normal
USER010,2026-04-12 11:11:33,getobject,Lambda_function_01,198.15.228.217,lucknow,35.56,success,11,6,0,0,0,50,25.7322,9,0.13580106473244447,Normal,Normal
USER002,2026-05-07 07:06:20,loginattempt,RDS_database,111.147.72.102,delhi,47.54,success,7,3,0,0,0,50,25.378,3,0.14667383050545907,Normal,Normal
USER010,2026-03-23 13:08:51,putobject,EC2_instance_01,198.15.228.217,lucknow,27.32,success,13,0,0,0,0,50,25.7322,9,0.12263756482436944,Normal,Normal
USER007,2026-05-29 02:28:22,getobject,IAM_role_admin,93.153.152.126,kolkata,10.65,success,2,4,1,0,0,50,24.217,4,0.12271923825441494,Normal,Normal
USER004,2026-04-18 11:23:14,listbuckets,EC2_instance_01,202.255.110.21,chennai,38.82,success,11,5,0,0,0,50,24.91,7,0.1558770503890951,Normal,Normal
USER006,2026-04-10 15:17:31,deleteobject,Lambda_function_01,129.175.35.171,pune,3.88,success,15,4,0,0,0,50,23.5744,4,0.15026169434976455,Normal,Normal
USER006,2026-05-25 14:59:48,getobject,RDS_database,129.175.35.171,pune,28.54,success,14,0,0,0,0,50,23.5744,4,0.14239066022217678,Normal,Normal
USER007,2026-05-17 16:01:30,loginattempt,Lambda_function_01,93.153.152.126,kolkata,31.82,success,16,6,0,0,0,50,24.217,4,0.1412683714843081,Normal,Normal
USER007,2026-06-01 04:45:35,describeinstances,Lambda_function_01,93.153.152.126,kolkata,2.79,success,4,0,1,0,0,50,24.217,4,0.044140972249444355,Normal,Normal
USER009,2026-05-17 10:45:38,putobject,S3_bucket_prod,82.37.78.133,jaipur,17.61,success,10,6,0,0,0,50,26.9058,4,0.14959414673952925,Normal,Normal
USER007,2026-03-31 04:12:41,describeinstances,S3_bucket_prod,93.153.152.126,kolkata,38.45,success,4,1,1,0,0,50,24.217,4,0.0806277961061786,Normal,Normal
USER002,2026-04-08 11:09:42,listbuckets,EC2_instance_01,111.147.72.102,delhi,15.66,success,11,2,0,0,0,50,25.378,3,0.17553103521897306,Normal,Normal
USER008,2026-04-11 15:02:53,loginattempt,S3_bucket_prod,202.102.195.236,ahmedabad,47.49,success,15,5,0,0,0,50,25.7948,3,0.14898788487898057,Normal,Normal
USER010,2026-04-02 13:52:26,putobject,IAM_role_admin,198.15.228.217,lucknow,22.13,success,13,3,0,0,0,50,25.7322,9,0.16821352708545306,Normal,Normal
USER005,2026-04-30 15:59:49,putobject,S3_bucket_prod,175.27.105.158,hyderabad,9.85,success,15,3,0,0,0,50,25.0218,17,0.10019963379168989,Normal,Normal
USER005,2026-03-28 11:06:45,putobject,IAM_role_admin,175.27.105.158,hyderabad,2.6,success,11,5,0,0,0,50,25.0218,17,0.06281789401893412,Normal,Normal
USER001,2026-06-05 17:04:17,terminateinstance,EC2_instance_01,129.153.128.30,mumbai,11.24,success,17,4,0,0,0,50,27.1782,6,0.1521502865283032,Normal,Normal
USER008,2026-03-26 15:49:34,putobject,EC2_instance_01,202.102.195.236,ahmedabad,7.79,success,15,3,0,0,0,50,25.7948,3,0.16173529555274901,Normal,Normal
USER006,2026-05-28 09:52:49,listbuckets,EC2_instance_01,129.175.35.171,pune,4.39,success,9,3,0,0,0,50,23.5744,4,0.15153470800598218,Normal,Normal
USER008,2026-05-16 07:56:17,loginattempt,S3_bucket_prod,202.102.195.236,ahmedabad,43.26,success,7,5,0,0,0,50,25.7948,3,0.1446943770051422,Normal,Normal
USER006,2026-03-20 03:01:53,describeinstances,S3_bucket_prod,129.175.35.171,pune,12.5,success,3,4,1,0,0,50,23.5744,4,0.10547362475644484,Normal,Normal
USER004,2026-05-23 12:53:29,listbuckets,Lambda_function_01,202.255.110.21,chennai,8.36,success,12,5,0,0,0,50,24.91,7,0.15548130509593366,Normal,Normal
USER005,2026-06-12 02:28:05,loginattempt,Lambda_function_01,175.27.105.158,hyderabad,34.58,success,2,4,1,0,0,50,25.0218,17,0.017144189702300028,Normal,Normal
USER005,2026-05-28 12:20:31,putobject,RDS_database,175.27.105.158,hyderabad,15.97,success,12,3,0,0,0,50,25.0218,17,0.10363723338283659,Normal,Normal
USER007,2026-04-13 18:21:02,describeinstances,S3_bucket_prod,93.153.152.126,kolkata,30.5,success,18,0,0,0,0,50,24.217,4,0.1352856800582911,Normal,Normal
USER004,2026-04-24 16:05:14,getobject,RDS_database,202.255.110.21,chennai,3.32,success,16,4,0,0,0,50,24.91,7,0.1526995776840503,Normal,Normal
USER003,2026-03-15 10:02:20,getobject,IAM_role_admin,1.210.227.95,bangalore,30.01,success,10,6,0,0,0,50,109.945,6,0.05043860832119906,Normal,Normal
USER001,2026-05-29 03:18:35,terminateinstance,Lambda_function_01,129.153.128.30,mumbai,10.29,success,3,4,1,0,0,50,27.1782,6,0.08234723204134253,Normal,Normal
USER004,2026-04-07 15:35:13,loginattempt,IAM_role_admin,202.255.110.21,chennai,44.73,success,15,1,0,0,0,50,24.91,7,0.14800836435981202,Normal,Normal
USER001,2026-04-02 10:44:17,putobject,RDS_database,129.153.128.30,mumbai,34.41,failed,10,3,0,0,1,50,27.1782,6,0.061375739796267426,Normal,Normal
USER009,2026-06-06 09:32:55,getobject,RDS_database,82.37.78.133,jaipur,12.6,success,9,5,0,0,0,50,26.9058,4,0.16112837089169146,Normal,Normal
USER005,2026-03-27 07:45:07,getobject,IAM_role_admin,175.27.105.158,hyderabad,5.75,failed,7,4,0,0,1,50,25.0218,17,0.016722181516099055,Normal,Normal
USER007,2026-05-22 19:43:06,loginattempt,S3_bucket_prod,93.153.152.126,kolkata,31.95,success,19,4,0,0,0,50,24.217,4,0.15602604403327214,Normal,Normal
USER010,2026-03-20 18:52:35,putobject,Lambda_function_01,198.15.228.217,lucknow,47.89,success,18,4,0,0,0,50,25.7322,9,0.1306875523045385,Normal,Normal
USER002,2026-05-16 12:26:40,terminateinstance,IAM_role_admin,111.147.72.102,delhi,8.86,success,12,5,0,0,0,50,25.378,3,0.15612638556639508,Normal,Normal
USER001,2026-05-16 14:50:34,getobject,RDS_database,129.153.128.30,mumbai,29.57,success,14,5,0,0,0,50,27.1782,6,0.158465495017504,Normal,Normal
USER009,2026-04-20 15:43:11,loginattempt,IAM_role_admin,185.220.57.78,russia,31.61,success,15,0,0,1,0,50,26.9058,4,-0.03489411334382975,Anomaly,Low
USER002,2026-03-17 06:06:16,listbuckets,Lambda_function_01,111.147.72.102,delhi,34.27,success,6,1,0,0,0,50,25.378,3,0.1376246115328445,Normal,Normal
USER009,2026-06-01 09:13:00,describeinstances,IAM_role_admin,82.37.78.133,jaipur,30.08,success,9,0,0,0,0,50,26.9058,4,0.13918510475070384,Normal,Normal
USER009,2026-04-10 11:50:51,loginattempt,EC2_instance_01,82.37.78.133,jaipur,19.04,success,11,4,0,0,0,50,26.9058,4,0.18074778426409632,Normal,Normal
USER001,2026-04-30 03:11:09,deleteobject,EC2_instance_01,129.153.128.30,mumbai,25.75,success,3,3,1,0,0,50,27.1782,6,0.08687209635646842,Normal,Normal
USER002,2026-06-08 08:02:48,putobject,Lambda_function_01,111.147.72.102,delhi,40.33,success,8,0,0,0,0,50,25.378,3,0.1293846592048729,Normal,Normal
USER001,2026-05-23 19:57:11,getobject,RDS_database,129.153.128.30,mumbai,46.24,success,19,5,0,0,0,50,27.1782,6,0.12110773538285413,Normal,Normal
USER007,2026-05-12 11:59:33,getobject,IAM_role_admin,93.153.152.126,kolkata,25.43,success,11,1,0,0,0,50,24.217,4,0.16653599026744725,Normal,Normal
USER002,2026-05-27 17:57:29,getobject,Lambda_function_01,111.147.72.102,delhi,3.61,failed,17,2,0,0,1,50,25.378,3,0.04033990350699912,Normal,Normal
USER007,2026-05-13 03:03:31,listbuckets,Lambda_function_01,93.153.152.126,kolkata,21.57,success,3,2,1,0,0,50,24.217,4,0.1046557468033309,Normal,Normal
USER006,2026-04-25 21:13:19,getobject,Lambda_function_01,129.175.35.171,pune,12.11,success,21,5,0,0,0,50,23.5744,4,0.11215863175300217,Normal,Normal
USER008,2026-06-12 10:23:33,putobject,IAM_role_admin,202.102.195.236,ahmedabad,45.7,success,10,4,0,0,0,50,25.7948,3,0.15890353554363307,Normal,Normal
USER001,2026-05-10 07:54:56,listbuckets,Lambda_function_01,129.153.128.30,mumbai,31.39,success,7,6,0,0,0,50,27.1782,6,0.1327131244165593,Normal,Normal
USER004,2026-04-30 06:02:57,listbuckets,S3_bucket_prod,202.255.110.21,chennai,19.49,success,6,3,0,0,0,50,24.91,7,0.14648379742597045,Normal,Normal
USER003,2026-05-24 11:30:00,putobject,RDS_database,1.210.227.95,bangalore,13.24,success,11,6,0,0,0,50,109.945,6,0.04424931576954427,Normal,Normal
USER003,2026-06-02 12:26:10,putobject,Lambda_function_01,1.210.227.95,bangalore,27.62,success,12,1,0,0,0,50,109.945,6,0.07004402526196418,Normal,Normal
USER005,2026-04-10 17:57:19,loginattempt,EC2_instance_01,175.27.105.158,hyderabad,2.23,success,17,4,0,0,0,50,25.0218,17,0.06896588797649994,Normal,Normal
USER003,2026-04-06 04:48:37,loginattempt,S3_bucket_prod,1.210.227.95,bangalore,26.31,success,4,0,1,0,0,50,109.945,6,-0.044516343835249605,Anomaly,Low
USER002,2026-05-21 13:02:43,loginattempt,S3_bucket_prod,111.147.72.102,delhi,49.78,success,13,3,0,0,0,50,25.378,3,0.14295576346624095,Normal,Normal
USER007,2026-05-13 12:38:45,describeinstances,EC2_instance_01,93.153.152.126,kolkata,31.38,success,12,2,0,0,0,50,24.217,4,0.1701213307737126,Normal,Normal
USER007,2026-05-03 01:51:55,deleteobject,S3_bucket_prod,93.153.152.126,kolkata,2.27,success,1,6,1,0,0,50,24.217,4,0.061587588591461295,Normal,Normal
USER002,2026-04-15 08:21:00,putobject,Lambda_function_01,111.147.72.102,delhi,9.13,success,8,2,0,0,0,50,25.378,3,0.16092955123688307,Normal,Normal
USER009,2026-04-14 18:46:38,loginattempt,Lambda_function_01,82.37.78.133,jaipur,7.1,success,18,1,0,0,0,50,26.9058,4,0.13592229991596338,Normal,Normal
USER007,2026-05-19 19:29:05,putobject,Lambda_function_01,93.153.152.126,kolkata,47.58,success,19,1,0,0,0,50,24.217,4,0.12665263835676427,Normal,Normal
USER001,2026-06-07 14:27:42,getobject,IAM_role_admin,129.153.128.30,mumbai,8.06,success,14,6,0,0,0,50,27.1782,6,0.13230545537259936,Normal,Normal
USER009,2026-05-26 10:03:21,describeinstances,Lambda_function_01,82.37.78.133,jaipur,25.15,success,10,1,0,0,0,50,26.9058,4,0.16734466206487542,Normal,Normal
USER005,2026-05-27 08:29:17,describeinstances,S3_bucket_prod,175.27.105.158,hyderabad,41.33,failed,8,2,0,0,1,50,25.0218,17,0.015341474792463616,Normal,Normal
USER003,2026-04-15 19:21:13,deleteobject,Lambda_function_01,1.210.227.95,bangalore,1256.68,success,19,2,0,0,0,50,109.945,6,-0.08678962405396329,Anomaly,Medium
USER009,2026-05-05 07:17:40,getobject,EC2_instance_01,82.37.78.133,jaipur,25.33,success,7,1,0,0,0,50,26.9058,4,0.1600193255372132,Normal,Normal
USER010,2026-05-02 15:11:25,putobject,IAM_role_admin,198.15.228.217,lucknow,41.32,success,15,5,0,0,0,50,25.7322,9,0.14530044890972538,Normal,Normal
USER001,2026-04-02 18:45:59,describeinstances,RDS_database,129.153.128.30,mumbai,15.26,success,18,3,0,0,0,50,27.1782,6,0.15391039875349394,Normal,Normal
USER005,2026-04-14 17:00:39,describeinstances,S3_bucket_prod,175.27.105.158,hyderabad,21.59,success,17,1,0,0,0,50,25.0218,17,0.07145837291205959,Normal,Normal
USER009,2026-06-12 07:27:54,putobject,Lambda_function_01,82.37.78.133,jaipur,28.71,success,7,4,0,0,0,50,26.9058,4,0.1652983190329469,Normal,Normal
USER006,2026-05-22 10:41:23,putobject,RDS_database,129.175.35.171,pune,25.09,success,10,4,0,0,0,50,23.5744,4,0.1703260056398872,Normal,Normal
USER007,2026-04-06 08:53:36,listbuckets,S3_bucket_prod,93.153.152.126,kolkata,23.9,success,8,0,0,0,0,50,24.217,4,0.1429596449931484,Normal,Normal
USER010,2026-05-05 13:29:28,listbuckets,EC2_instance_01,198.15.228.217,lucknow,24.14,success,13,1,0,0,0,50,25.7322,9,0.1531070649042624,Normal,Normal
USER008,2026-04-29 07:20:39,describeinstances,Lambda_function_01,202.102.195.236,ahmedabad,8.52,success,7,2,0,0,0,50,25.7948,3,0.1530178618630667,Normal,Normal
USER001,2026-05-13 10:21:14,loginattempt,S3_bucket_prod,129.153.128.30,mumbai,26.05,failed,10,2,0,0,1,50,27.1782,6,0.06385322256517556,Normal,Normal
USER008,2026-04-06 07:52:14,describeinstances,Lambda_function_01,202.102.195.236,ahmedabad,9.13,success,7,0,0,0,0,50,25.7948,3,0.12380820637337991,Normal,Normal
USER004,2026-05-02 07:56:52,loginattempt,IAM_role_admin,202.255.110.21,chennai,20.01,success,7,5,0,0,0,50,24.91,7,0.15676682137920506,Normal,Normal
USER001,2026-05-01 07:28:30,getobject,Lambda_function_01,129.153.128.30,mumbai,9.35,success,7,4,0,0,0,50,27.1782,6,0.15729393229968386,Normal,Normal
USER004,2026-05-26 20:18:14,getobject,S3_bucket_prod,202.255.110.21,chennai,12.09,success,20,1,0,0,0,50,24.91,7,0.13531160595626185,Normal,Normal
USER008,2026-05-31 12:00:25,listbuckets,RDS_database,202.102.195.236,ahmedabad,40.56,success,12,6,0,0,0,50,25.7948,3,0.14143749301700342,Normal,Normal
USER008,2026-05-14 12:15:44,loginattempt,EC2_instance_01,202.102.195.236,ahmedabad,20.28,success,12,3,0,0,0,50,25.7948,3,0.17720591744642544,Normal,Normal
USER005,2026-03-27 21:17:11,putobject,RDS_database,175.27.105.158,hyderabad,14.33,success,21,4,0,0,0,50,25.0218,17,0.07005444436513586,Normal,Normal
USER001,2026-05-25 09:15:42,listbuckets,Lambda_function_01,129.153.128.30,mumbai,42.38,success,9,0,0,0,0,50,27.1782,6,0.12022816015238796,Normal,Normal
USER002,2026-03-23 19:21:28,getobject,IAM_role_admin,111.147.72.102,delhi,10.15,success,19,0,0,0,0,50,25.378,3,0.11667101079863929,Normal,Normal
USER009,2026-06-12 07:02:43,describeinstances,S3_bucket_prod,82.37.78.133,jaipur,44.22,success,7,4,0,0,0,50,26.9058,4,0.15517657103130267,Normal,Normal
USER009,2026-03-22 14:41:31,listbuckets,IAM_role_admin,82.37.78.133,jaipur,32.99,failed,14,6,0,0,1,50,26.9058,4,0.04166791589294827,Normal,Normal
USER009,2026-05-09 08:01:04,deleteobject,RDS_database,185.220.144.213,russia,34.09,success,8,5,0,1,0,50,26.9058,4,-0.03255974504260495,Anomaly,Low
USER007,2026-04-24 17:59:17,loginattempt,S3_bucket_prod,93.153.152.126,kolkata,44.48,success,17,4,0,0,0,50,24.217,4,0.154663444629551,Normal,Normal
USER006,2026-04-03 17:39:38,listbuckets,S3_bucket_prod,129.175.35.171,pune,7.63,success,17,4,0,0,0,50,23.5744,4,0.1550118145572626,Normal,Normal
USER008,2026-04-07 00:38:13,getobject,EC2_instance_01,202.102.195.236,ahmedabad,34.9,success,0,1,1,0,0,50,25.7948,3,0.042729847633457,Normal,Normal
USER002,2026-05-18 14:27:23,describeinstances,IAM_role_admin,111.147.72.102,delhi,37.25,failed,14,0,0,0,1,50,25.378,3,0.036852170313667054,Normal,Normal
USER010,2026-03-21 08:34:31,putobject,IAM_role_admin,198.15.228.217,lucknow,34.29,success,8,5,0,0,0,50,25.7322,9,0.1400381602097377,Normal,Normal
USER008,2026-04-14 20:36:03,listbuckets,IAM_role_admin,202.102.195.236,ahmedabad,12.99,success,20,1,0,0,0,50,25.7948,3,0.1266579869102683,Normal,Normal
USER010,2026-03-25 18:11:54,getobject,S3_bucket_prod,198.15.228.217,lucknow,43.79,success,18,2,0,0,0,50,25.7322,9,0.13466447693624295,Normal,Normal
USER003,2026-04-21 00:28:33,getobject,IAM_role_admin,1.210.227.95,bangalore,22.3,failed,0,1,1,0,1,50,109.945,6,-0.11534876744400413,Anomaly,Medium
USER004,2026-05-07 16:40:36,createinstance,S3_bucket_prod,202.255.110.21,chennai,49.06,success,16,3,0,0,0,50,24.91,7,0.1373042778980728,Normal,Normal
USER007,2026-03-20 10:14:13,describeinstances,RDS_database,93.153.152.126,kolkata,11.88,success,10,4,0,0,0,50,24.217,4,0.17640985635667283,Normal,Normal
USER003,2026-05-20 09:49:45,listbuckets,IAM_role_admin,1.210.227.95,bangalore,32.84,success,9,2,0,0,0,50,109.945,6,0.07156119185050258,Normal,Normal
USER007,2026-05-01 04:36:02,loginattempt,EC2_instance_01,93.153.152.126,kolkata,22.47,success,4,4,1,0,0,50,24.217,4,0.12301150870981625,Normal,Normal
USER003,2026-04-22 12:35:53,getobject,EC2_instance_01,1.210.227.95,bangalore,38.61,success,12,2,0,0,0,50,109.945,6,0.06688311129666291,Normal,Normal
USER002,2026-05-10 12:18:48,putobject,RDS_database,111.147.72.102,delhi,47.04,success,12,6,0,0,0,50,25.378,3,0.13404221070508238,Normal,Normal
USER004,2026-05-22 09:44:00,putobject,RDS_database,202.255.110.21,chennai,26.74,success,9,4,0,0,0,50,24.91,7,0.17375328487672187,Normal,Normal
USER006,2026-05-01 08:50:07,putobject,IAM_role_admin,129.175.35.171,pune,46.6,success,8,4,0,0,0,50,23.5744,4,0.14222253901304865,Normal,Normal
USER009,2026-05-04 19:27:01,getobject,S3_bucket_prod,82.37.78.133,jaipur,6.81,success,19,0,0,0,0,50,26.9058,4,0.10585698026101853,Normal,Normal
USER005,2026-03-25 10:19:31,getobject,S3_bucket_prod,175.27.105.158,hyderabad,5.58,success,10,2,0,0,0,50,25.0218,17,0.06394676645736908,Normal,Normal
USER002,2026-03-29 13:32:19,getobject,EC2_instance_01,111.147.72.102,delhi,47.13,success,13,6,0,0,0,50,25.378,3,0.13566104701326276,Normal,Normal
USER005,2026-05-17 01:53:58,listbuckets,IAM_role_admin,175.27.105.158,hyderabad,49.35,success,1,6,1,0,0,50,25.0218,17,-0.0308677157635755,Anomaly,Low
USER003,2026-05-08 12:12:52,putobject,IAM_role_admin,1.210.227.95,bangalore,19.81,failed,12,4,0,0,1,50,109.945,6,-0.017794101674702856,Anomaly,Low
USER003,2026-04-11 09:28:22,listbuckets,EC2_instance_01,1.210.227.95,bangalore,3.82,failed,9,5,0,0,1,50,109.945,6,-0.042641409330585245,Anomaly,Low
USER007,2026-06-10 08:34:36,getobject,IAM_role_admin,93.153.152.126,kolkata,27.14,success,8,2,0,0,0,50,24.217,4,0.166178524166952,Normal,Normal
USER009,2026-03-25 13:49:14,describeinstances,Lambda_function_01,82.37.78.133,jaipur,35.73,failed,13,2,0,0,1,50,26.9058,4,0.06440416314906094,Normal,Normal
USER006,2026-03-18 22:09:07,getobject,IAM_role_admin,129.175.35.171,pune,29.9,success,22,2,1,0,0,50,23.5744,4,0.015997059120175017,Normal,Normal
USER007,2026-04-21 03:28:21,loginattempt,RDS_database,93.153.152.126,kolkata,11.17,success,3,1,1,0,0,50,24.217,4,0.0900007176041393,Normal,Normal
USER010,2026-05-07 19:40:47,putobject,RDS_database,198.15.228.217,lucknow,5.21,success,19,3,0,0,0,50,25.7322,9,0.1322055654908853,Normal,Normal
USER004,2026-05-13 07:50:13,describeinstances,Lambda_function_01,202.255.110.21,chennai,14.9,success,7,2,0,0,0,50,24.91,7,0.16001309236970213,Normal,Normal
USER002,2026-03-30 14:47:01,describeinstances,Lambda_function_01,111.147.72.102,delhi,8.53,success,14,0,0,0,0,50,25.378,3,0.13258801167596823,Normal,Normal
USER010,2026-03-31 09:47:31,putobject,IAM_role_admin,198.15.228.217,lucknow,1.58,success,9,1,0,0,0,50,25.7322,9,0.11358937171055844,Normal,Normal
USER002,2026-03-29 09:47:39,getobject,Lambda_function_01,111.147.72.102,delhi,30.02,success,9,6,0,0,0,50,25.378,3,0.1498102004575511,Normal,Normal
USER002,2026-06-06 14:50:17,listbuckets,Lambda_function_01,111.147.72.102,delhi,23.99,success,14,5,0,0,0,50,25.378,3,0.17168126613174356,Normal,Normal
USER010,2026-03-31 02:55:56,describeinstances,RDS_database,198.15.228.217,lucknow,33.04,success,2,1,1,0,0,50,25.7322,9,0.05591169671955032,Normal,Normal
USER002,2026-04-03 17:10:36,getobject,IAM_role_admin,111.147.72.102,delhi,30.71,success,17,4,0,0,0,50,25.378,3,0.16906957969322978,Normal,Normal
USER009,2026-03-23 13:03:57,getobject,RDS_database,82.37.78.133,jaipur,30.91,success,13,0,0,0,0,50,26.9058,4,0.14422695859361934,Normal,Normal
USER003,2026-06-06 18:54:32,listbuckets,S3_bucket_prod,1.210.227.95,bangalore,33.1,success,18,5,0,0,0,50,109.945,6,0.050005969059003785,Normal,Normal
USER004,2026-04-26 17:05:37,listbuckets,Lambda_function_01,202.255.110.21,chennai,13.0,success,17,6,0,0,0,50,24.91,7,0.14533863870136832,Normal,Normal
USER005,2026-03-21 08:39:35,getobject,EC2_instance_01,175.27.105.158,hyderabad,37.79,success,8,5,0,0,0,50,25.0218,17,0.07624424062143559,Normal,Normal
USER010,2026-03-22 13:45:26,getobject,IAM_role_admin,198.15.228.217,lucknow,35.74,failed,13,6,0,0,1,50,25.7322,9,0.03817368395793819,Normal,Normal
USER003,2026-04-06 08:26:14,putobject,EC2_instance_01,1.210.227.95,bangalore,24.24,success,8,0,0,0,0,50,109.945,6,0.05095986778111794,Normal,Normal
USER002,2026-05-20 12:08:23,describeinstances,EC2_instance_01,111.147.72.102,delhi,30.52,success,12,2,0,0,0,50,25.378,3,0.17311757233127278,Normal,Normal
USER008,2026-04-26 21:22:15,getobject,S3_bucket_prod,202.102.195.236,ahmedabad,35.6,success,21,6,0,0,0,50,25.7948,3,0.11673693909819322,Normal,Normal
USER001,2026-06-11 03:11:34,putobject,IAM_role_admin,129.153.128.30,mumbai,46.29,success,3,3,1,0,0,50,27.1782,6,0.0696945235445302,Normal,Normal
USER003,2026-04-24 13:12:58,putobject,EC2_instance_01,1.210.227.95,bangalore,46.01,success,13,4,0,0,0,50,109.945,6,0.07161189805038559,Normal,Normal
USER009,2026-05-11 13:05:49,loginattempt,IAM_role_admin,82.37.78.133,jaipur,31.12,success,13,0,0,0,0,50,26.9058,4,0.1446190986462898,Normal,Normal
USER004,2026-04-25 15:50:12,getobject,EC2_instance_01,202.255.110.21,chennai,22.65,success,15,5,0,0,0,50,24.91,7,0.17055406204065532,Normal,Normal
USER002,2026-05-07 11:22:04,putobject,RDS_database,111.147.72.102,delhi,9.92,success,11,3,0,0,0,50,25.378,3,0.1754294034994892,Normal,Normal
USER005,2026-03-20 04:31:57,describeinstances,RDS_database,175.27.105.158,hyderabad,43.59,failed,4,4,1,0,1,50,25.0218,17,-0.05615462539175875,Anomaly,Medium
USER001,2026-05-19 07:36:05,getobject,IAM_role_admin,129.153.128.30,mumbai,11.88,success,7,1,0,0,0,50,27.1782,6,0.1458100909286022,Normal,Normal
USER001,2026-04-06 16:49:45,putobject,Lambda_function_01,129.153.128.30,mumbai,23.23,success,16,0,0,0,0,50,27.1782,6,0.1325739842951426,Normal,Normal
USER003,2026-04-02 12:52:10,describeinstances,Lambda_function_01,1.210.227.95,bangalore,1820.1,success,12,3,0,0,0,50,109.945,6,-0.10157043015647105,Anomaly,Medium
USER001,2026-06-04 00:19:23,getobject,S3_bucket_prod,129.153.128.30,mumbai,47.71,success,0,3,1,0,0,50,27.1782,6,0.043197479267543915,Normal,Normal
USER004,2026-03-30 16:45:17,loginattempt,IAM_role_admin,202.255.110.21,chennai,17.24,success,16,0,0,0,0,50,24.91,7,0.13698481916776933,Normal,Normal
USER006,2026-04-23 09:16:18,getobject,EC2_instance_01,129.175.35.171,pune,33.17,success,9,3,0,0,0,50,23.5744,4,0.15848985980758673,Normal,Normal
USER007,2026-05-18 10:37:09,loginattempt,S3_bucket_prod,93.153.152.126,kolkata,14.26,success,10,0,0,0,0,50,24.217,4,0.14347004264489877,Normal,Normal
USER002,2026-05-12 09:48:19,putobject,S3_bucket_prod,111.147.72.102,delhi,10.46,success,9,1,0,0,0,50,25.378,3,0.1561440449578299,Normal,Normal
USER007,2026-04-01 06:07:37,deleteobject,IAM_role_admin,93.153.152.126,kolkata,21.91,failed,6,2,0,0,1,50,24.217,4,0.04800024468794728,Normal,Normal
USER006,2026-05-02 00:16:43,loginattempt,RDS_database,129.175.35.171,pune,3.78,success,0,5,1,0,0,50,23.5744,4,0.0551825503392368,Normal,Normal
USER005,2026-05-29 07:18:35,terminateinstance,S3_bucket_prod,175.27.105.158,hyderabad,4.12,success,7,4,0,0,0,50,25.0218,17,0.06914651196697685,Normal,Normal
USER007,2026-04-20 13:02:44,loginattempt,S3_bucket_prod,93.153.152.126,kolkata,10.01,success,13,0,0,0,0,50,24.217,4,0.135265146768634,Normal,Normal
USER001,2026-05-31 11:21:48,getobject,S3_bucket_prod,129.153.128.30,mumbai,17.26,success,11,6,0,0,0,50,27.1782,6,0.14352610027825563,Normal,Normal
USER003,2026-05-30 07:27:18,terminateinstance,S3_bucket_prod,1.210.227.95,bangalore,7.99,success,7,5,0,0,0,50,109.945,6,0.0524274905304104,Normal,Normal
USER009,2026-06-09 07:41:13,getobject,S3_bucket_prod,82.37.78.133,jaipur,4.76,success,7,1,0,0,0,50,26.9058,4,0.1385952473714877,Normal,Normal
USER003,2026-04-10 20:10:42,terminateinstance,RDS_database,1.210.227.95,bangalore,2.97,success,20,4,0,0,0,50,109.945,6,0.013883992746164253,Normal,Normal
USER006,2026-05-15 16:00:02,deleteobject,RDS_database,129.175.35.171,pune,13.61,success,16,4,0,0,0,50,23.5744,4,0.16226762236065867,Normal,Normal
USER006,2026-05-28 01:59:04,loginattempt,S3_bucket_prod,129.175.35.171,pune,8.02,success,1,3,1,0,0,50,23.5744,4,0.09198480438352147,Normal,Normal
USER008,2026-05-31 15:01:14,loginattempt,RDS_database,202.102.195.236,ahmedabad,32.75,success,15,6,0,0,0,50,25.7948,3,0.15511517627273236,Normal,Normal
USER005,2026-04-07 05:33:09,deleteobject,RDS_database,175.27.105.158,hyderabad,46.21,failed,5,1,1,0,1,50,25.0218,17,-0.055672904219255526,Anomaly,Medium
USER001,2026-05-22 14:55:50,getobject,RDS_database,129.153.128.30,mumbai,4.07,success,14,4,0,0,0,50,27.1782,6,0.1454105762816711,Normal,Normal
USER010,2026-06-11 08:10:42,loginattempt,Lambda_function_01,198.15.228.217,lucknow,8.18,success,8,3,0,0,0,50,25.7322,9,0.15276686493939473,Normal,Normal
USER004,2026-05-07 15:00:49,putobject,EC2_instance_01,202.255.110.21,chennai,14.44,success,15,3,0,0,0,50,24.91,7,0.177314022628983,Normal,Normal
USER007,2026-03-18 16:17:41,getobject,IAM_role_admin,93.153.152.126,kolkata,34.18,success,16,2,0,0,0,50,24.217,4,0.16283614817068587,Normal,Normal
USER002,2026-05-26 11:29:10,getobject,RDS_database,111.147.72.102,delhi,26.4,success,11,1,0,0,0,50,25.378,3,0.1688857034184456,Normal,Normal
USER006,2026-04-30 01:26:57,getobject,EC2_instance_01,129.175.35.171,pune,16.78,success,1,3,1,0,0,50,23.5744,4,0.10017638059050654,Normal,Normal
USER001,2026-04-15 16:55:47,getobject,EC2_instance_01,129.153.128.30,mumbai,28.25,success,16,2,0,0,0,50,27.1782,6,0.15517800963699296,Normal,Normal
USER009,2026-04-09 18:18:28,createinstance,RDS_database,185.220.45.194,russia,14.28,success,18,3,0,1,0,50,26.9058,4,-0.04797073232800875,Anomaly,Low
USER006,2026-05-03 02:48:05,putobject,S3_bucket_prod,129.175.35.171,pune,28.7,success,2,6,1,0,0,50,23.5744,4,0.0744557682373746,Normal,Normal
USER001,2026-03-15 08:17:04,putobject,Lambda_function_01,129.153.128.30,mumbai,12.18,success,8,6,0,0,0,50,27.1782,6,0.13102603342156321,Normal,Normal
USER009,2026-04-14 11:57:19,createinstance,S3_bucket_prod,82.37.78.133,jaipur,30.14,success,11,1,0,0,0,50,26.9058,4,0.16681232660832795,Normal,Normal
USER007,2026-05-16 15:34:42,describeinstances,S3_bucket_prod,93.153.152.126,kolkata,27.13,success,15,5,0,0,0,50,24.217,4,0.161013513032374,Normal,Normal
USER003,2026-04-27 06:39:28,getobject,S3_bucket_prod,1.210.227.95,bangalore,5.62,success,6,0,0,0,0,50,109.945,6,0.009079454632839323,Normal,Normal
USER003,2026-05-29 15:08:25,getobject,S3_bucket_prod,1.210.227.95,bangalore,18.28,success,15,4,0,0,0,50,109.945,6,0.08054124788141209,Normal,Normal
USER004,2026-04-23 14:29:14,createinstance,RDS_database,202.255.110.21,chennai,38.06,success,14,3,0,0,0,50,24.91,7,0.16964607149239685,Normal,Normal
USER006,2026-05-31 04:08:56,putobject,RDS_database,129.175.35.171,pune,49.97,success,4,6,1,0,0,50,23.5744,4,0.03860373227036795,Normal,Normal
USER010,2026-04-07 23:03:12,listbuckets,S3_bucket_prod,198.15.228.217,lucknow,4.51,failed,23,1,1,0,1,50,25.7322,9,-0.057384304445968204,Anomaly,Medium
USER001,2026-05-26 20:47:36,getobject,RDS_database,129.153.128.30,mumbai,37.14,success,20,1,0,0,0,50,27.1782,6,0.12720208522482224,Normal,Normal
USER007,2026-03-20 03:05:47,getobject,EC2_instance_01,93.153.152.126,kolkata,22.27,success,3,4,1,0,0,50,24.217,4,0.12671320934463598,Normal,Normal
USER005,2026-03-27 18:12:50,putobject,S3_bucket_prod,175.27.105.158,hyderabad,25.82,success,18,4,0,0,0,50,25.0218,17,0.09394943771598546,Normal,Normal
USER003,2026-05-30 13:16:41,getobject,S3_bucket_prod,1.210.227.95,bangalore,18.97,success,13,5,0,0,0,50,109.945,6,0.08044473291881604,Normal,Normal
USER009,2026-04-14 14:48:17,listbuckets,S3_bucket_prod,82.37.78.133,jaipur,41.27,success,14,1,0,0,0,50,26.9058,4,0.16345408648973547,Normal,Normal
USER004,2026-04-14 06:30:27,loginattempt,IAM_role_admin,202.255.110.21,chennai,29.89,success,6,1,0,0,0,50,24.91,7,0.12976023047823787,Normal,Normal
USER001,2026-04-13 03:31:06,getobject,S3_bucket_prod,129.153.128.30,mumbai,25.28,success,3,0,1,0,0,50,27.1782,6,0.04890073168590037,Normal,Normal
USER006,2026-04-13 20:28:33,loginattempt,IAM_role_admin,129.175.35.171,pune,16.59,success,20,0,0,0,0,50,23.5744,4,0.10818670853641843,Normal,Normal
USER007,2026-04-08 12:51:35,putobject,IAM_role_admin,93.153.152.126,kolkata,35.01,success,12,2,0,0,0,50,24.217,4,0.16532240661492537,Normal,Normal
USER010,2026-04-13 03:26:00,getobject,Lambda_function_01,198.15.228.217,lucknow,42.9,success,3,0,1,0,0,50,25.7322,9,0.030069449119580094,Normal,Normal
USER001,2026-04-16 14:36:00,deleteobject,RDS_database,129.153.128.30,mumbai,47.76,success,14,3,0,0,0,50,27.1782,6,0.15061588228051126,Normal,Normal
USER007,2026-04-24 03:51:28,listbuckets,Lambda_function_01,93.153.152.126,kolkata,10.93,success,3,4,1,0,0,50,24.217,4,0.1238195208278765,Normal,Normal
USER004,2026-06-09 14:31:26,getobject,Lambda_function_01,202.255.110.21,chennai,35.23,failed,14,1,0,0,1,50,24.91,7,0.08131528877578587,Normal,Normal
USER001,2026-03-27 02:44:51,getobject,Lambda_function_01,129.153.128.30,mumbai,6.4,success,2,4,1,0,0,50,27.1782,6,0.07611922075233452,Normal,Normal
USER001,2026-04-27 06:31:50,listbuckets,RDS_database,129.153.128.30,mumbai,44.02,success,6,0,0,0,0,50,27.1782,6,0.09417816664995321,Normal,Normal
USER003,2026-06-04 12:15:52,getobject,RDS_database,1.210.227.95,bangalore,33.28,success,12,3,0,0,0,50,109.945,6,0.07729778481147814,Normal,Normal
USER004,2026-05-02 05:28:17,getobject,RDS_database,202.255.110.21,chennai,39.55,success,5,5,1,0,0,50,24.91,7,0.07910608376006895,Normal,Normal
USER003,2026-05-09 10:51:29,loginattempt,EC2_instance_01,1.210.227.95,bangalore,20.73,success,10,5,0,0,0,50,109.945,6,0.07933773785366094,Normal,Normal
USER010,2026-04-15 05:52:52,deleteobject,RDS_database,198.15.228.217,lucknow,28.56,success,5,2,1,0,0,50,25.7322,9,0.07691513342032141,Normal,Normal
USER001,2026-05-27 13:14:44,listbuckets,S3_bucket_prod,129.153.128.30,mumbai,17.11,success,13,2,0,0,0,50,27.1782,6,0.166851157643084,Normal,Normal
USER008,2026-04-23 07:18:15,getobject,S3_bucket_prod,202.102.195.236,ahmedabad,18.85,success,7,3,0,0,0,50,25.7948,3,0.1674108945170269,Normal,Normal
USER001,2026-03-18 07:40:41,putobject,IAM_role_admin,129.153.128.30,mumbai,41.26,success,7,2,0,0,0,50,27.1782,6,0.14588707984381094,Normal,Normal
USER006,2026-05-27 05:01:02,terminateinstance,IAM_role_admin,129.175.35.171,pune,46.94,failed,5,2,1,0,1,50,23.5744,4,-0.02746056764476923,Anomaly,Low
USER004,2026-05-24 00:47:15,loginattempt,RDS_database,202.255.110.21,chennai,1.33,success,0,6,1,0,0,50,24.91,7,0.022768992209582173,Normal,Normal
USER007,2026-05-19 01:05:47,listbuckets,EC2_instance_01,93.153.152.126,kolkata,16.21,failed,1,1,1,0,1,50,24.217,4,-0.0318084256875758,Anomaly,Low
USER007,2026-04-11 17:26:30,listbuckets,RDS_database,93.153.152.126,kolkata,21.07,success,17,5,0,0,0,50,24.217,4,0.16352142466090913,Normal,Normal
USER003,2026-05-16 13:25:54,deleteobject,EC2_instance_01,1.210.227.95,bangalore,22.67,success,13,5,0,0,0,50,109.945,6,0.07971371498065893,Normal,Normal
USER005,2026-05-04 19:33:32,loginattempt,IAM_role_admin,175.27.105.158,hyderabad,34.14,success,19,0,0,0,0,50,25.0218,17,0.03827345659354919,Normal,Normal
USER008,2026-05-25 09:17:35,getobject,Lambda_function_01,202.102.195.236,ahmedabad,30.89,success,9,0,0,0,0,50,25.7948,3,0.13936827258059187,Normal,Normal
USER009,2026-05-31 10:43:44,putobject,IAM_role_admin,1.180.59.78,china,42.86,success,10,6,0,1,0,50,26.9058,4,-0.04721306806685288,Anomaly,Low
USER010,2026-06-10 05:36:38,loginattempt,S3_bucket_prod,198.15.228.217,lucknow,25.33,success,5,2,1,0,0,50,25.7322,9,0.07723419536911597,Normal,Normal
USER001,2026-05-05 13:16:31,loginattempt,Lambda_function_01,129.153.128.30,mumbai,49.41,failed,13,1,0,0,1,50,27.1782,6,0.02156462024829875,Normal,Normal
USER003,2026-04-24 19:54:36,getobject,S3_bucket_prod,1.210.227.95,bangalore,38.5,success,19,4,0,0,0,50,109.945,6,0.03415133722789854,Normal,Normal
USER004,2026-05-02 18:06:35,listbuckets,EC2_instance_01,202.255.110.21,chennai,22.18,success,18,5,0,0,0,50,24.91,7,0.1593916986378775,Normal,Normal
USER001,2026-06-06 09:58:29,getobject,Lambda_function_01,129.153.128.30,mumbai,24.2,success,9,5,0,0,0,50,27.1782,6,0.15760849581899616,Normal,Normal
USER002,2026-03-16 11:47:36,listbuckets,EC2_instance_01,111.147.72.102,delhi,8.57,success,11,0,0,0,0,50,25.378,3,0.13425441445953473,Normal,Normal
USER009,2026-04-14 19:32:53,getobject,S3_bucket_prod,82.37.78.133,jaipur,24.08,success,19,1,0,0,0,50,26.9058,4,0.1475888157449759,Normal,Normal
USER010,2026-04-13 09:06:14,describeinstances,Lambda_function_01,198.15.228.217,lucknow,28.11,success,9,0,0,0,0,50,25.7322,9,0.11753542054900101,Normal,Normal
USER003,2026-03-28 14:02:47,putobject,RDS_database,1.210.227.95,bangalore,31.51,success,14,5,0,0,0,50,109.945,6,0.07034535561600785,Normal,Normal
